,a13_num,a14_num,a26_num,a09_num,a28_num,a32_num,class_cat,a19_num,a12_num,a01_num,a16_num,a30_num,a25_num,a24_num,a10_num,a04_num,a06_num,a03_num
0,0.59755,-0.44945,-0.51171,1.0,-0.46168,-0.54487,g,0.58212,-0.17755,1.0,-0.38223,-0.3409,0.56811,-0.47357,0.0376,-0.05889,0.02306,0.99539
1,0.34432,-0.69707,-0.26569,1.0,-0.18401,-0.06288,b,0.33109,-0.67743,1.0,-0.97515,-0.11593,-0.20332,-0.35734,-0.04549,-0.18829,-0.36156,1.0
2,0.85443,0.00827,-0.4022,0.88965,-0.22145,-0.2418,g,0.75535,0.05346,1.0,0.00299,-0.17365,0.57528,-0.12062,0.01198,-0.03365,0.00485,1.0
3,0.0,0.0,0.90695,0.0,1.0,1.0,b,-1.0,0.0,1.0,0.14516,-0.20099,1.0,0.0,0.0,-0.45161,1.0,1.0
4,0.56409,-0.00712,-0.65158,0.77152,-0.53206,-0.59573,g,0.45107,-0.20275,1.0,-0.27457,-0.62197,0.03286,-0.52879,-0.16399,-0.02401,0.06531,1.0
5,0.0,0.0,-0.01535,0.14706,0.09223,0.0,b,-0.11575,-0.06302,1.0,-0.1554,0.00732,0.03513,0.00888,0.06637,-0.00592,-0.11949,0.02337
6,0.78225,-0.50764,-0.81634,0.85996,-0.8251,-0.81318,g,0.37852,-0.47929,1.0,-0.61436,-0.82395,0.22792,-0.79753,-0.27342,-0.10602,-0.208,0.97588
7,0.0,0.0,1.0,0.0,1.0,1.0,b,-1.0,-1.0,0.0,0.0,0.0,1.0,0.0,0.0,0.0,0.0,0.0
8,0.9451,-0.40668,-0.6544,1.0,-0.69712,-0.72779,g,0.84537,-0.43569,1.0,-0.46381,-0.63919,0.85106,-0.64225,-0.36174,-0.07198,-0.14333,0.96355
9,0.0,0.0,-0.01326,0.1147,-0.02294,0.24086,b,0.63728,-0.38172,1.0,0.38602,0.0,-0.14803,0.0,-0.2681,-0.08459,0.0,-0.01864
10,0.96232,-0.51874,-0.89128,1.0,-0.865,-0.89093,g,0.69876,-0.41349,1.0,-0.59017,-0.83675,0.55867,-0.80544,-0.43107,0.06655,-0.18388,1.0
11,1.0,1.0,-0.40888,1.0,-0.62745,-1.0,b,1.0,-0.41119,1.0,-1.0,-1.0,1.0,1.0,0.36217,-0.5421,-1.0,1.0
12,0.95735,-0.29785,-0.47137,1.0,-0.5837,-0.64537,g,0.90137,-0.35151,1.0,-0.34412,-0.68794,0.8408,-0.5122,-0.19277,-0.16316,-0.10169,1.0
13,1.0,0.07772,-0.17012,1.0,0.35924,0.88428,b,1.0,0.35147,1.0,-0.14767,-0.66494,1.0,0.62349,-0.1209,-0.86701,0.2228,1.0
14,1.0,0.20328,0.20033,1.0,0.36743,0.32492,g,1.0,0.19651,1.0,0.12785,0.48641,1.0,0.4175,0.08764,0.0738,0.0342,1.0
15,0.0,0.0,0.92236,1.0,0.26501,0.23188,b,1.0,-1.0,1.0,-0.34265,0.0,-0.16253,0.0,-1.0,-0.93996,0.26708,0.50932
16,0.89323,0.10346,0.13412,0.96112,0.13638,0.1593,g,0.86104,0.07808,1.0,0.05269,0.15379,0.81329,0.14442,0.02312,0.06468,-0.01236,0.99645
17,1.0,-1.0,1.0,-1.0,-1.0,-1.0,b,-1.0,1.0,0.0,1.0,1.0,-1.0,1.0,1.0,0.0,-1.0,0.0
18,0.62099,0.14285,0.23724,0.08776,0.24618,0.25792,g,0.14395,0.12131,1.0,0.10976,0.25306,0.48838,0.22625,0.34081,0.02528,0.05031,0.67065
19,-0.71875,1.0,1.0,1.0,1.0,1.0,b,1.0,-1.0,0.0,0.0,-1.0,-1.0,0.5625,1.0,-1.0,0.0,1.0
20,1.0,-0.39489,-0.40372,1.0,-0.42231,-0.40575,g,0.86473,-0.11073,1.0,-0.15616,-0.38231,0.81874,-0.46866,-0.10605,-0.00612,-0.09834,1.0
21,0.0,0.0,0.0,-1.0,-1.0,1.0,b,-1.0,0.0,0.0,-1.0,1.0,0.0,0.0,-1.0,1.0,0.0,1.0
22,0.8325,-0.06142,-0.07705,0.90169,-0.02205,-0.00015,g,0.75206,0.0258,1.0,0.09831,-0.01251,0.55677,-0.05929,-0.05144,0.07088,0.04296,0.96071
23,0.0,0.0,-1.0,-1.0,-1.0,1.0,b,-1.0,1.0,0.0,0.0,1.0,-1.0,0.0,1.0,1.0,0.0,-1.0
24,0.84493,-0.05202,-0.34838,1.0,-0.29174,-0.26284,g,0.65731,-0.11726,1.0,-0.06598,-0.38576,0.84932,-0.31654,-0.01707,-0.06182,0.02942,1.0
25,1.0,-1.0,-1.0,1.0,-1.0,-1.0,b,1.0,-1.0,1.0,-1.0,-1.0,1.0,-1.0,-1.0,0.5782,-1.0,1.0
26,0.88486,-0.31736,-0.82868,0.94817,-0.86583,-0.92128,g,0.12245,-0.41382,1.0,-0.23433,-0.89674,0.55389,-0.78547,0.61053,-0.08714,-0.17263,1.0
27,0.0,0.0,-1.0,1.0,1.0,0.0,b,-1.0,0.0,0.0,0.0,-1.0,1.0,0.0,-0.375,-1.0,0.0,-1.0
28,1.0,0.59113,1.0,0.98172,1.0,1.0,g,1.0,0.47904,1.0,0.70758,1.0,0.91624,1.0,0.6452,0.0838,0.17387,1.0
29,-1.0,-1.0,1.0,-1.0,-1.0,1.0,b,-1.0,-1.0,0.0,0.0,-1.0,1.0,-1.0,1.0,-1.0,1.0,-1.0
30,1.0,-0.26161,-0.47643,1.0,-0.49687,-0.75761,g,1.0,-0.2501,1.0,-0.21975,-0.7582,1.0,-0.59661,-0.07514,-0.14236,-0.16256,1.0
31,1.0,-0.0184,0.0,1.0,1.0,1.0,b,1.0,-1.0,1.0,-1.0,-0.79141,0.0,-1.0,-1.0,-1.0,1.0,1.0
32,0.85269,-0.31463,-0.48086,0.88307,-0.54629,-0.57377,g,0.75243,-0.31809,1.0,-0.35924,-0.59854,0.61297,-0.50085,-0.17036,-0.14639,-0.11057,0.88208
33,0.58965,1.0,-0.20392,0.99709,-0.41307,-0.87354,b,0.8076,-0.10951,1.0,-1.0,-0.21901,0.65493,0.05456,-0.10236,-0.02595,-0.23067,0.71253
34,0.79962,-0.12527,0.14803,1.0,-0.11582,0.53372,g,1.0,-0.49863,1.0,0.14638,-0.11129,1.0,-0.91338,-0.28207,-0.15899,0.27686,1.0
35,1.0,-0.89375,0.85357,0.80893,-0.08571,0.65268,b,1.0,-1.0,1.0,0.73393,-0.3625,1.0,-1.0,-0.40446,-1.0,1.0,0.66161
36,1.0,-0.06544,-0.20851,1.0,-0.17909,-0.20101,g,0.94184,-0.06256,1.0,-0.07917,-0.18552,0.89469,-0.13565,-0.07014,0.00433,-0.01209,1.0
37,0.0,0.0,-1.0,0.0,1.0,1.0,b,1.0,-1.0,0.0,0.0,1.0,1.0,1.0,0.0,1.0,-1.0,1.0
38,0.92766,0.12067,0.11299,0.93582,0.13282,0.10754,g,0.83744,0.06348,1.0,0.06211,0.153,0.75755,0.14222,0.01321,0.04347,0.0228,0.91241
39,0.88462,0.5364,0.1639,0.61745,0.16019,0.14677,b,1.0,0.11147,1.0,0.14137,0.15436,0.54446,0.16516,-1.0,0.02461,0.04861,1.0
40,0.75474,0.50082,0.72082,0.93051,0.72386,0.72688,g,0.57619,0.39039,1.0,0.52321,0.70682,0.34384,0.6884,0.32213,0.06538,0.20746,1.0
41,1.0,1.0,-1.0,0.0,-1.0,1.0,b,0.0875,1.0,1.0,-1.0,-1.0,-1.0,1.0,0.0,-1.0,1.0,-1.0
42,0.16286,0.42739,0.56527,0.55187,0.56605,0.55061,g,0.31639,0.36719,1.0,0.46086,0.56101,0.24856,0.55826,0.68154,0.08791,0.16888,0.90932
43,1.0,-0.37679,0.85714,1.0,1.0,-1.0,b,1.0,0.96161,1.0,-1.0,-1.0,0.5375,1.0,-0.23393,-1.0,0.82857,-0.64286
44,0.92651,-0.37965,-0.68479,0.99374,-0.73174,-0.80278,g,0.87433,-0.3013,1.0,-0.43796,-0.75353,0.68282,-0.64615,-0.25843,-0.05785,-0.13009,0.99025
45,0.0,0.0,-1.0,1.0,-1.0,0.0,b,-1.0,1.0,0.0,0.0,1.0,-1.0,0.0,1.0,0.0,0.0,0.0
46,0.96674,-0.21695,-0.4299,0.99838,-0.43122,-0.47977,g,0.90581,-0.13814,1.0,-0.25099,-0.42593,0.86213,-0.37643,-0.09931,-0.0373,-0.07383,1.0
47,-0.2902,-0.0055,-0.46734,0.69258,-0.5813,0.20477,b,1.0,-0.03353,1.0,0.15452,-0.61393,0.83872,0.37361,-0.63427,-0.02685,0.26131,0.94598
48,0.94713,-0.11102,-0.19689,0.95947,-0.21136,-0.23095,g,0.79682,-0.04507,1.0,-0.1279,-0.23864,0.88487,-0.18739,-0.06971,0.00874,-0.03818,0.98166
49,0.0,0.0,0.44828,0.10991,-1.0,0.0,b,0.7694,0.0,1.0,-0.22414,0.81573,-0.90302,0.35668,-1.0,0.0,0.51724,0.0
50,0.88559,0.54991,-0.02778,0.87947,-0.01158,-0.25706,g,0.86676,-0.01789,1.0,-0.57486,-0.32298,0.90066,-0.1629,0.13795,-0.18362,0.02919,0.84134
51,1.0,1.0,-1.0,0.0,1.0,0.0,b,-1.0,1.0,0.0,-1.0,-1.0,1.0,-1.0,0.0,1.0,-1.0,1.0
52,-1.0,1.0,-1.0,-0.2697,-1.0,-0.34686,g,-1.0,1.0,1.0,0.72526,-1.0,0.90014,-1.0,1.0,1.0,1.0,1.0
53,1.0,1.0,1.0,0.03515,-1.0,1.0,b,0.8384,-1.0,1.0,-1.0,-1.0,-0.18856,-1.0,-1.0,-1.0,1.0,-0.67935
54,0.95436,-0.16795,-0.40747,0.96097,-0.34586,-0.39061,g,0.90343,0.01279,1.0,-0.19497,-0.30619,0.99899,-0.29807,-0.06561,0.08143,-0.05667,0.95659
55,-1.0,-1.0,0.2381,0.71875,-1.0,-1.0,b,-0.42113,-0.62723,1.0,1.0,-0.38914,-1.0,-0.46801,0.47173,-0.20685,1.0,0.08333
56,1.0,-0.12738,-0.92284,1.0,-0.21793,-0.22765,g,1.0,0.56173,1.0,-0.14522,-0.2237,1.0,-0.20081,-0.08799,-0.02259,-0.04494,1.0
57,-1.0,-0.1875,-1.0,0.0,1.0,0.0,b,1.0,1.0,0.0,1.0,1.0,1.0,1.0,0.0,1.0,-1.0,-1.0
58,0.95713,0.14644,0.22431,1.0,0.23571,0.29576,g,0.96741,0.07033,1.0,0.11224,0.22511,0.91667,0.1641,-0.01911,0.05812,0.07418,1.0
59,0.0,0.0,0.9625,0.0,1.0,0.0,b,0.51979,1.0,1.0,-0.67708,0.67708,-0.84792,-0.27083,0.0,-1.0,1.0,0.17188
60,0.92992,0.24288,0.34658,0.98602,0.42746,0.47033,g,0.83656,0.19211,1.0,0.28343,0.46031,0.76193,0.39597,0.09237,0.09771,0.12197,1.0
61,0.0,0.0,-0.16667,0.0,-0.76667,0.0,b,1.0,0.0,1.0,-0.55,0.18854,-0.10625,-1.0,0.0,-0.35625,0.0,0.01667
62,0.8425,0.46899,0.55236,0.91759,0.69129,0.66844,g,0.65091,0.37107,1.0,0.49225,0.76147,0.48311,0.6472,0.2261,0.16801,0.16334,1.0
63,-0.05921,0.58772,-1.0,0.87719,-0.0614,-1.0,b,0.14254,1.0,1.0,0.05044,1.0,0.80921,1.0,0.30921,1.0,-1.0,0.63816
64,0.65452,-0.1608,0.10678,1.0,-0.07249,0.19849,g,0.80025,0.4799,1.0,0.00879,-0.27387,0.93593,-0.12312,-0.09925,-0.41457,0.76131,1.0
65,1.0,0.60598,-0.33333,0.66938,0.15942,0.22464,b,0.58424,0.27038,1.0,0.35507,-0.01947,0.91033,0.26585,0.08424,0.10598,0.3913,0.84783
66,1.0,0.05489,-0.39056,1.0,-0.02174,-0.22021,g,0.84371,0.33266,1.0,0.04384,0.2336,1.0,0.27376,0.04317,0.28046,0.02477,1.0
67,1.0,1.0,-1.0,1.0,-1.0,0.0,b,1.0,1.0,0.0,-1.0,0.65625,1.0,-1.0,-1.0,-1.0,-1.0,1.0
68,-0.79135,0.77092,-1.0,0.20619,-0.93296,-0.35222,g,-0.97907,1.0,1.0,0.40268,-1.0,0.41366,-0.97491,0.80541,0.67784,0.82021,1.0
69,1.0,1.0,1.0,1.0,0.5,-1.0,b,1.0,1.0,1.0,-1.0,0.0,1.0,1.0,1.0,1.0,-1.0,1.0
70,1.0,0.38643,0.68326,1.0,0.71374,0.85611,g,1.0,0.28778,1.0,0.31674,0.67149,0.89593,0.59457,0.25068,0.03529,0.18281,1.0
71,0.0,0.0,-1.0,1.0,-1.0,0.0,b,1.0,0.0,0.0,1.0,-1.0,1.0,-1.0,-1.0,-1.0,1.0,1.0
72,0.86265,0.52517,0.74689,0.98044,0.83796,0.86835,g,0.69003,0.46281,1.0,0.58794,0.86061,0.40615,0.76197,0.35052,0.0862,0.19279,0.96087
73,0.0,0.0,0.27381,0.0,0.63492,0.0,b,0.46429,0.0,1.0,-0.24206,0.0,0.73413,0.0,0.0,0.38889,0.0,0.69444
74,1.0,0.38261,0.63942,1.0,0.69435,0.71689,g,0.75906,0.34826,1.0,0.42881,0.72684,0.66643,0.62758,0.28453,0.0507,0.10827,1.0
75,1.0,1.0,-1.0,1.0,-1.0,0.0,b,1.0,1.0,0.0,-1.0,1.0,1.0,-1.0,-1.0,1.0,0.0,1.0
76,0.92745,0.37639,0.59723,1.0,0.6099,0.63636,g,0.78619,0.30889,1.0,0.39749,0.60932,0.67077,0.58129,0.27921,0.04078,0.11982,1.0
77,1.0,1.0,-1.0,1.0,1.0,-1.0,b,-1.0,1.0,0.0,1.0,1.0,1.0,1.0,1.0,1.0,-1.0,1.0
78,1.0,1.0,1.0,1.0,1.0,1.0,g,1.0,1.0,1.0,0.77128,1.0,0.64628,1.0,1.0,0.24168,0.4859,1.0
79,1.0,1.0,-1.0,-1.0,1.0,-1.0,b,-1.0,0.0,0.0,0.0,1.0,1.0,1.0,1.0,1.0,-1.0,1.0
80,1.0,-0.40559,-0.58042,1.0,-0.81372,-0.78555,g,1.0,-1.0,1.0,-0.15851,-1.0,1.0,-1.0,0.2028,-0.06604,0.62937,1.0
81,1.0,-1.0,-1.0,1.0,1.0,1.0,b,1.0,1.0,0.0,-1.0,-1.0,1.0,1.0,1.0,-1.0,1.0,1.0
82,0.70716,0.46983,0.76146,0.84111,0.73885,0.77072,g,0.51247,0.42196,1.0,0.56476,0.71038,0.23693,0.68343,0.35197,0.07804,0.16251,0.92277
83,0.0106,0.44523,0.19405,0.25795,0.14481,0.07064,b,0.10567,-0.15194,1.0,0.38869,0.10349,-0.02862,0.24936,0.58304,-0.17314,0.21908,0.68198
84,0.71598,0.0784,0.02811,0.85947,-0.06637,-0.14053,g,0.65976,0.08728,1.0,0.05178,-0.21154,0.65385,-0.18639,0.02515,-0.02811,-0.05178,0.74852
85,0.61567,-0.8209,0.16418,0.35821,0.1463,0.13521,b,0.46642,0.1306,1.0,0.6791,-0.02612,0.47015,0.45522,0.15299,-0.06343,0.04328,0.39179
86,0.66792,-0.13962,-0.15094,0.66038,-0.05801,0.03774,g,0.61887,0.01132,1.0,-0.02264,0.02264,0.84906,-0.14717,-0.04528,0.04528,-0.10566,0.67547
87,0.81809,0.09559,0.32727,0.66364,0.14673,0.14643,b,0.66818,-0.16818,1.0,1.0,0.08182,0.57273,-1.0,-0.05909,-0.05,0.03462,0.72727
88,0.46667,0.08235,0.00392,0.4,0.10039,0.23529,g,0.50196,0.14118,1.0,-0.0549,0.08235,0.49804,0.08235,-0.05882,-0.01569,0.0,0.57647
89,-0.19091,0.33636,-0.04802,-0.03636,-0.07114,-0.07464,b,-0.34773,0.36194,1.0,0.27322,-1.0,-0.14003,0.36364,0.44318,0.12482,0.125,0.41932
90,0.85193,0.25,0.52039,0.85086,0.53235,0.70923,g,0.7103,-0.04292,1.0,0.25322,0.58584,0.5676,0.34871,0.05901,-0.21996,0.36373,0.88305
91,-0.18494,0.63966,-0.03718,0.80648,-0.25288,-0.7817,b,0.77979,-0.00763,1.0,-0.68065,-0.14109,0.78932,0.80934,0.04576,-0.0858,-0.80553,0.84557
92,0.57826,-0.23043,-0.12174,0.65217,-0.04264,-0.25217,g,0.36087,0.26957,1.0,0.37826,-0.04448,0.31304,-0.03845,0.18261,-0.24783,0.04348,0.7087
93,0.47368,0.08978,0.65635,0.31889,-0.40116,0.5582,b,0.33746,-0.1517,1.0,-0.1548,0.11146,1.0,-0.6161,-0.06811,0.14861,0.73375,-0.5418
94,0.47368,-0.04754,-0.03176,0.52632,-0.03351,-0.01868,g,0.42445,-0.16638,1.0,0.03905,0.09847,0.51731,-0.20883,0.20883,0.13582,0.16808,0.29202
95,-0.02439,0.53215,0.8071,0.39468,0.88248,0.1286,b,-0.50998,0.99557,1.0,0.1286,0.69401,-0.91574,0.23725,1.0,0.16851,0.0,0.79157
96,0.24412,0.87493,0.39951,0.59784,0.25835,-0.05525,g,-0.28739,0.81152,1.0,0.85038,0.11218,-0.68159,0.53805,0.72997,0.16607,0.37379,0.90116
97,0.10289,0.93945,0.17849,0.47968,-0.01358,-0.33662,g,-0.52145,0.92643,1.0,0.8429,-0.19321,-0.85376,0.33537,0.84278,0.19049,0.46259,0.97714
98,0.0,0.0,-0.59609,0.60586,-1.0,-1.0,b,0.36482,-0.41368,1.0,0.0,-1.0,1.0,-1.0,0.32899,-1.0,0.0,-1.0
99,0.75934,0.07348,0.15445,0.6623,0.13608,0.14697,g,0.63613,0.31152,1.0,0.08442,0.17539,0.67016,0.12185,0.09948,0.04974,0.02543,0.74084
100,0.0,0.0,-1.0,0.80882,-1.0,-1.0,b,0.73529,-0.94853,1.0,0.0,-1.0,-1.0,-1.0,0.55147,-1.0,0.0,1.0
101,0.99173,-0.09002,-0.22083,1.0,-0.20243,-0.22561,g,0.9831,-0.07092,1.0,-0.15727,-0.17123,0.98971,-0.19272,-0.05071,0.01709,-0.03142,1.0
102,0.0,0.0,0.0,0.0,-1.0,0.0,b,0.0,0.0,0.0,0.0,0.0,0.0,0.0,0.0,0.0,0.0,0.0
103,0.83543,-0.24719,-0.19233,0.97026,-0.31565,-0.31857,g,0.98678,-0.01124,1.0,-0.31395,-0.23728,1.0,-0.39458,0.0846,-0.12095,-0.1269,0.95704
104,0.34848,-0.84848,0.17803,0.30682,-0.23864,-0.70076,b,0.45076,0.06439,1.0,0.0,-0.48485,0.24242,0.0,0.95833,-0.31818,0.0,0.28409
105,1.0,-0.12493,-0.29852,0.90083,-0.33304,-0.4074,g,1.0,-0.10104,1.0,-0.15017,-0.36931,1.0,-0.26571,0.66942,-0.49311,-0.03692,0.9449
106,0.0,0.0,0.0,0.0,0.10976,0.0,b,0.56098,1.0,1.0,0.0,0.0,0.0,0.0,0.0,0.0,0.0,0.0
107,0.85221,0.02966,-0.19872,0.99061,-0.17806,-0.25741,g,0.98298,-0.07496,1.0,-0.20848,-0.16581,0.93368,-0.05882,-0.06257,0.00526,-0.11313,0.99449
108,0.0,0.0,-1.0,0.5473,-1.0,0.0,b,0.33108,1.0,1.0,0.0,-0.23649,-0.42568,0.0,0.82432,0.10811,0.0,0.10135
109,0.6289,-0.86402,-0.76904,1.0,-0.77986,-1.0,g,0.76771,-0.23229,1.0,-0.57535,-1.0,0.61946,-0.74896,-0.35818,-0.57224,-0.73371,1.0
110,0.0,0.0,0.0,0.77273,-0.93939,0.0,b,0.84091,-0.2803,1.0,0.0,-0.93182,0.0,0.0,1.0,-0.62879,0.0,0.65909
111,0.19617,0.85671,0.25747,0.54559,0.08818,-0.19923,g,-0.341,0.81533,1.0,0.86284,-0.07816,-0.59234,0.40996,0.69962,0.1931,0.41149,0.86284
112,0.0,0.0,0.68,0.9,0.22,0.0,b,0.84,0.64,1.0,0.0,0.0,0.21,0.0,1.0,-0.61,0.0,0.42
113,0.09467,0.88248,0.03591,0.4766,-0.11943,-0.44505,g,-0.5136,0.9173,1.0,0.91404,-0.28183,-0.70838,0.29162,0.84222,0.23395,0.52013,1.0
114,-0.03158,-0.0897,2e-05,0.05405,0.0,0.0,b,0.00342,-0.10241,1.0,-0.03403,0.0,-3e-05,0.00019,0.2973,0.81586,1.0,0.91353
115,0.30952,-0.04762,-0.04762,0.2381,-0.0229,-0.02034,g,0.33333,0.02381,1.0,-0.04762,0.0,0.35714,-0.11905,0.09524,-0.09524,0.07143,0.21429
116,0.72131,0.0,-0.34426,0.65574,-0.20325,-0.44262,b,0.65558,-0.03279,1.0,-0.16393,-0.03279,0.31148,-0.29508,0.01639,-0.14754,0.04918,1.0
117,0.79343,0.08436,0.22727,0.8,0.15088,0.16465,g,0.68182,0.04545,1.0,0.09579,0.02727,0.74545,0.13493,0.0,0.0,0.03131,0.98182
118,-0.6723,0.30729,0.70238,0.66667,0.38848,-0.29915,b,0.54762,0.40476,1.0,-0.63668,0.39286,0.32143,-0.47594,0.0119,0.52381,0.11342,0.39286
119,1.0,-0.07287,0.03556,0.87778,-0.14162,-0.15609,g,0.88,-0.06444,1.0,-0.2,-0.14667,0.84444,-0.18667,0.00222,-0.07111,-0.02494,0.86889
120,0.29091,0.29091,0.16364,0.34545,-0.07027,-0.36364,b,0.36364,-0.05455,1.0,-0.41818,-0.05455,0.32727,0.16364,-0.03636,-0.12727,-0.14545,0.43636
121,0.45283,0.07547,0.79245,0.62264,-0.00128,0.43396,g,0.5283,-0.00054,1.0,-0.0566,-1.0,1.0,-0.00112,0.0,-0.92453,0.75472,1.0
122,0.33333,0.0,-0.10234,0.45238,-0.51079,-0.04762,b,0.2381,0.12808,1.0,-0.07143,0.0,-0.57255,-0.2619,-0.14286,0.83333,-0.2381,0.7381
123,0.29167,0.10417,-0.1875,0.33333,-0.10064,-0.3125,g,0.35417,0.0,1.0,0.02083,-0.08333,0.39583,0.1875,-0.0625,0.04167,-0.10417,0.4375
124,-0.51504,0.45489,-1.0,0.0,-1.0,0.0,b,0.0,-0.89098,1.0,0.28571,1.0,-1.0,0.20301,0.0,1.0,0.0,1.0
125,0.77937,0.34328,0.44199,0.84881,0.43221,0.3962,g,0.95472,0.6132,1.0,0.37988,1.0,0.4044,0.44511,-0.49962,0.06595,0.1303,0.95217
126,0.95824,-0.85727,-0.30063,0.8401,0.17076,0.81007,b,0.88673,0.07981,1.0,0.88444,0.42677,0.28604,-0.85755,-0.10984,0.40332,0.80521,0.5984
127,0.9798,-0.03096,-0.15675,0.96974,-0.06995,-0.10797,g,0.9384,-0.02716,1.0,-0.05343,0.01307,0.91567,-0.05318,-0.09316,0.10129,-0.01918,0.95882
128,-0.26048,-0.59212,0.0,0.68869,-1.0,0.61881,b,0.0,0.31385,1.0,0.65565,0.0,0.0,-1.0,-1.0,0.0,0.85388,0.0
129,1.0,-0.01271,-0.04527,0.97868,-0.03473,-0.03855,g,0.98485,-0.0351,1.0,-0.02581,-0.02478,0.96019,-0.04744,-0.02844,0.00876,0.00843,0.96933
130,1.0,-0.2,0.0,0.0,-0.17568,-0.25946,b,0.0,0.07297,1.0,0.07027,0.0,0.0,-0.41622,0.0,0.0,-0.22703,0.0
131,0.21951,0.04878,0.09756,0.19512,0.05641,0.0,g,0.31707,0.04755,1.0,0.0,0.05504,0.21951,0.05813,0.12195,0.01403,-0.02439,0.64122
132,1.0,-1.0,0.0,0.0,-1.0,-1.0,b,0.0,1.0,1.0,1.0,1.0,0.0,-0.27778,0.0,1.0,-1.0,1.0
133,0.12245,0.55102,0.22449,0.46939,0.14895,0.0,g,-0.20408,0.59184,1.0,0.5102,0.18367,-0.61224,0.32653,0.44898,0.20408,0.2449,0.34694
134,1.0,-0.25342,0.0,0.0,-1.0,-1.0,b,0.0,1.0,1.0,0.23288,0.0,0.0,1.0,0.0,0.0,-1.0,0.0
135,-0.02206,0.86029,-0.125,0.45588,-0.24131,-0.50735,g,-0.5,0.88971,1.0,0.82353,-0.42647,-0.74265,0.08824,0.77941,0.38235,0.375,0.89706
136,-0.81699,0.33987,-0.43137,-0.30719,0.09176,0.02614,b,-0.60131,1.0,1.0,-0.02614,0.05229,-1.0,-0.94118,0.71242,0.28105,0.15033,-1.0
137,0.71667,0.08333,0.13333,0.36667,0.05439,0.03333,g,0.41667,0.01667,1.0,-0.06667,0.03333,0.25,0.0,0.11667,-0.1,0.0,0.26667
138,-0.00885,0.02726,-0.0005,0.06192,-0.00043,0.00015,b,0.0047,0.02575,1.0,-0.00166,5e-05,-0.00069,0.00102,-0.06879,0.4,0.12159,-0.26667
139,0.51351,0.0,-0.2973,0.86486,-0.22163,-0.59459,g,0.71833,-0.27027,1.0,-0.05405,-0.23027,0.35135,0.13514,0.18919,-0.37838,0.2973,1.0
140,-1.0,0.16406,-0.00391,0.97266,0.13758,-0.1875,b,0.92188,-0.01953,1.0,-0.00391,-0.06641,0.95703,0.34766,0.01172,-0.03516,-0.33203,0.94531
141,0.95665,-0.03064,-0.04451,0.96705,-0.01647,-0.0341,g,0.99769,0.0052,1.0,-0.00405,0.01908,0.97052,-0.0237,-0.01734,0.02254,-0.01272,0.95202
142,0.16667,-0.11111,-0.27778,0.36111,-0.57092,-0.63156,b,1.0,-0.25712,1.0,-0.3466,-0.27778,1.0,-0.50333,-0.22222,-0.05529,-1.0,1.0
143,0.01707,-0.02383,-0.0009,0.07405,-0.00048,-0.00012,g,0.00078,-0.03689,1.0,-0.01482,-0.00024,-0.00031,-0.00166,-0.05431,-0.10345,-0.10345,0.31034
144,0.66667,-0.13725,-0.2549,0.62745,-0.24668,-0.21569,b,0.54902,-0.11765,1.0,-0.09804,-0.31373,0.45098,-0.23529,-0.11765,-0.07843,0.0,0.62745
145,-0.02367,0.10188,-0.00539,0.07766,-0.00586,-0.00408,g,-0.0323,0.14922,1.0,0.06317,-0.0052,-0.01097,-0.00273,0.19939,0.16667,0.26667,0.25
146,-0.03125,0.09375,-0.46875,0.625,0.0,0.0,b,0.4375,0.0,1.0,0.0,0.03125,0.03125,0.0,0.0625,0.15625,0.0,-0.65625
147,0.98919,0.08649,0.09189,0.95135,0.01251,0.02703,g,0.97838,-0.03243,1.0,-0.06486,-0.03243,0.97838,0.04324,-0.01622,-0.01081,-0.02703,1.0
148,1.0,0.27153,0.03876,0.91473,0.71613,0.87317,b,0.90698,0.03876,1.0,1.0,0.06977,0.8062,-1.0,-0.00775,0.05426,0.08069,0.85271
149,1.0,0.0,0.05348,0.93048,0.04452,0.09091,g,0.91444,-0.01604,1.0,0.06417,0.0107,0.96257,-0.01604,0.00535,-0.01604,0.08021,0.90374
150,0.0925,0.275,-0.24,0.3225,-0.28475,-0.31228,b,-0.34187,-0.34617,1.0,0.21,0.185,-0.58,0.33176,0.35,0.2875,0.1,-0.205
151,0.8,0.0,0.13333,0.7,0.10168,0.16667,g,0.66667,0.0,1.0,0.0,0.13333,0.63333,0.0,0.0,0.03333,0.06667,0.6
152,-0.00559,0.05307,0.00559,0.00559,-0.00838,0.0,b,-0.06425,-0.07542,1.0,-0.03352,-0.00279,0.00838,-0.00559,-0.03911,-0.00838,0.00838,0.05866
153,-0.47644,0.56079,-0.64792,0.01267,-0.5642,-0.22535,g,-0.65426,0.84475,1.0,0.41743,-0.41901,-0.04119,-0.55089,0.89109,0.28713,0.67248,0.94653
154,-0.03736,0.0431,-0.00862,-0.07759,0.01724,0.01149,b,-0.04023,-0.06609,1.0,-0.04598,0.01149,0.03161,-0.01149,0.00862,0.01437,0.04598,0.0546
155,0.8335,0.03251,-0.01478,0.79015,0.00612,0.02956,g,0.79113,-0.00985,1.0,0.01675,-0.05025,0.72611,0.05517,0.01084,-0.01084,0.01084,0.72414
156,0.01427,-0.02282,0.01854,0.0214,0.01569,-0.01854,b,-0.01712,-0.01284,1.0,-0.03281,0.00713,0.05136,-0.02282,-0.04993,0.02568,0.0,0.03852
157,-0.34127,0.31217,0.00265,0.01852,-0.31739,-0.24339,g,-0.5,0.53968,1.0,0.3254,-0.21693,-0.2328,-0.38095,0.49471,0.22751,0.33598,0.4709
158,0.12357,0.0778,-0.10297,0.12586,0.01373,-0.07323,b,0.18993,-0.01144,1.0,-0.13501,-0.06636,0.15103,-0.00229,-0.06178,0.00686,-0.04119,0.08696
159,-0.76051,0.0,-0.05484,-0.55941,0.30384,0.54479,g,-0.12797,0.42048,1.0,-0.31079,0.60512,0.73857,-0.3766,0.64899,0.38574,0.64534,0.94333
160,0.01975,-0.03103,-0.01269,0.01128,-0.01128,-0.02398,b,-0.02398,0.00141,1.0,0.06065,-0.01551,0.0,0.0,0.04372,0.00705,-0.00846,0.01975
161,0.88051,-0.06124,-0.01942,0.84317,-0.03678,-0.01942,g,0.8357,0.11949,1.0,0.0351,-0.06423,0.79686,0.0224,0.09037,0.00075,-0.05676,0.85736
162,-1.0,-1.0,-1.0,1.0,1.0,1.0,b,1.0,-1.0,1.0,1.0,1.0,1.0,-1.0,-1.0,-1.0,1.0,1.0
163,-0.93092,0.10768,-0.23324,-0.42625,0.21343,0.66315,g,-0.1926,0.4998,1.0,-0.31044,0.5831,0.77814,-0.3523,0.88744,0.39252,0.76432,0.85209
164,1.0,1.0,1.0,1.0,1.0,1.0,b,1.0,0.03125,1.0,0.0,1.0,1.0,1.0,1.0,1.0,0.5125,1.0
165,-1.0,0.11765,-0.21569,-0.4902,0.21876,0.90196,g,-0.23529,0.58824,1.0,-0.33333,0.56863,0.92157,-0.72549,0.92157,0.54902,1.0,1.0
166,1.0,1.0,0.4375,0.0,-1.0,-1.0,b,0.0,1.0,1.0,-1.0,0.0,1.0,1.0,0.0,0.0,-1.0,0.0
167,-1.0,-0.11111,0.0,-0.33333,0.45019,1.0,g,0.55556,0.33333,1.0,-0.22222,0.84353,0.33333,-0.22222,0.88889,0.44444,0.90763,0.44444
168,0.0,0.0,0.0,0.0,0.0,0.0,b,0.0,0.0,0.0,0.0,0.0,0.0,0.0,0.0,0.0,0.0,0.0
169,0.89067,0.1421,0.5,0.75,0.26388,0.29074,g,0.75,0.12094,1.0,0.16228,0.25,0.5,-0.25,0.0,0.0,0.0,1.0
170,1.0,-1.0,-1.0,1.0,-1.0,-1.0,b,-1.0,-1.0,0.0,-1.0,1.0,-1.0,0.0,-1.0,1.0,1.0,-1.0
171,1.0,-0.22222,0.0,1.0,-0.05352,-0.11111,g,1.0,-0.11111,1.0,0.0,0.11111,0.66667,-0.11111,-0.11111,0.0,0.0,1.0
172,-1.0,-1.0,0.0,0.0,-1.0,1.0,b,0.0,0.0,0.0,0.0,-1.0,0.0,1.0,0.0,0.0,0.0,0.0
173,1.0,-0.27273,-0.09091,1.0,-0.04914,-0.27273,g,1.0,0.0,1.0,-0.18182,0.45455,1.0,0.09091,-0.09091,0.45455,-0.45455,1.0
174,-0.07576,0.51894,-0.27273,0.3447,-0.57576,-0.02273,b,0.12121,0.39394,1.0,0.31439,0.24242,0.29167,0.17803,0.28788,-0.63636,0.0,0.62121
175,1.0,0.11765,-0.11765,1.0,0.20225,0.35294,g,1.0,0.23529,1.0,0.47059,0.05882,1.0,0.41176,0.05882,0.11765,0.23529,1.0
176,0.12766,-0.59043,0.0,0.07979,-0.46809,0.90426,b,0.82979,-0.3617,1.0,-1.0,-0.48936,0.0,-0.70745,-0.23404,0.0,-0.62766,0.0
177,0.83333,0.125,-0.125,0.875,0.05503,0.0,g,1.0,0.04167,1.0,0.0,0.20833,0.83333,0.16667,-0.08333,0.29167,-0.16667,0.91667
178,0.11538,-0.19071,0.08974,0.0,-0.10897,-0.04808,b,0.0,0.0,1.0,0.0,0.09615,0.07853,-0.06571,0.0,-0.16667,0.0,0.1859
179,0.85788,-0.47265,-0.96296,1.0,-0.85669,-0.88846,g,0.68131,-0.34281,1.0,-0.4817,-0.83893,0.67033,-0.74785,-0.33075,-0.08183,-0.11326,1.0
180,0.22807,0.05702,-0.66667,0.34649,-1.0,0.20175,b,0.22807,0.07018,1.0,0.34649,-0.24561,1.0,-0.16228,0.21053,1.0,1.0,1.0
181,0.73855,-0.30539,-0.52142,0.89919,-0.4839,-0.51329,g,0.40473,-0.24077,1.0,-0.36078,-0.39143,0.23966,-0.32681,-0.23486,0.24077,0.00369,1.0
182,1.0,1.0,1.0,0.0,-1.0,-1.0,b,0.0,-1.0,0.0,0.0,1.0,-1.0,1.0,0.0,1.0,-1.0,-1.0
183,0.70302,-0.49639,-0.63601,0.81702,-0.59589,-0.54074,g,0.2707,-0.28909,1.0,-0.49967,-0.54928,0.1475,-0.59691,-0.2707,-0.19448,-0.17674,0.92247
184,0.23958,-1.0,1.0,1.0,-1.0,-1.0,b,1.0,0.0,1.0,1.0,-1.0,-0.71528,0.0,0.53819,-1.0,1.0,-1.0
185,-0.93882,0.19409,-0.28903,-0.37764,0.07933,0.62447,g,-0.25105,0.61181,1.0,-0.25527,0.42827,0.74895,-0.66878,0.88186,0.4346,0.7616,0.84177
186,1.0,-1.0,-1.0,-1.0,1.0,1.0,b,1.0,1.0,1.0,0.0,1.0,-1.0,-1.0,-1.0,1.0,0.0,1.0
187,0.0,1.0,-1.0,-0.33333,-1.0,-1.0,g,-1.0,1.0,1.0,1.0,-1.0,-0.33333,-0.33333,1.0,0.63548,1.0,1.0
188,-1.0,-1.0,-1.0,-1.0,1.0,1.0,b,-1.0,-1.0,0.0,1.0,-1.0,1.0,0.0,1.0,1.0,-1.0,-1.0
189,1.0,0.48981,1.0,1.0,1.0,1.0,g,1.0,0.39495,1.0,0.58986,0.25,1.0,1.0,-0.125,0.06843,0.14211,1.0
190,0.0,0.0,-1.0,0.0,-1.0,0.0,b,-1.0,0.0,0.0,-1.0,0.0,1.0,1.0,0.0,-1.0,0.0,-1.0
191,0.28931,-0.31997,-0.25124,0.29796,-0.2321,-0.1895,g,0.15196,-0.26339,1.0,-0.18947,-0.21129,0.03004,-0.26795,0.04403,-0.07896,-0.1438,0.64947
192,0.16667,0.26042,0.5,0.0,0.75,-0.27083,b,0.0,-0.33333,1.0,0.0,-1.0,-1.0,0.90625,0.0,0.0,0.0,0.0
193,0.80426,0.25283,0.27226,0.95513,0.25553,0.21378,g,0.59615,0.54701,1.0,0.2738,0.23568,0.39023,0.28476,-0.26496,0.05149,0.10123,1.0
194,-1.0,-1.0,0.36508,1.0,1.0,-0.3254,b,1.0,0.7619,1.0,1.0,0.50794,0.82937,-1.0,0.31746,-0.09524,-1.0,1.0
195,0.99676,0.08172,-0.02589,0.93123,-0.02302,-0.10194,g,0.87379,0.09061,1.0,0.05097,0.09385,0.84547,-0.03641,0.16828,-0.0019,0.43204,0.93669
196,1.0,1.0,1.0,1.0,0.625,1.0,b,1.0,1.0,1.0,1.0,-0.75,1.0,-1.0,-0.5,-1.0,1.0,1.0
197,0.9812,-0.06861,-0.01253,1.0,-0.04597,-0.13722,g,0.83584,0.2782,1.0,0.0661,0.03885,1.0,0.09242,0.15414,0.23058,-0.78509,1.0
198,-1.0,-0.79313,0.06639,1.0,-0.01186,0.00108,b,0.31755,-0.3871,1.0,1.0,-0.01672,0.03021,0.06895,0.95041,-1.0,-1.0,0.36876
199,0.99745,0.02105,-0.14541,0.98151,-0.00394,-0.1875,g,0.95663,0.20663,1.0,0.02487,0.07908,1.0,0.30804,-0.07398,0.38265,-0.16964,0.79847
200,1.0,1.0,1.0,0.0,0.0,-1.0,b,0.0,0.0,0.0,1.0,1.0,1.0,-1.0,0.0,0.0,0.0,0.0
201,0.90818,-0.44119,-0.73333,1.0,-0.76054,-0.73145,g,0.59623,-0.49057,1.0,-0.58899,-0.78239,0.49214,-0.87327,-0.30566,-0.28428,-0.25346,1.0
202,1.0,-1.0,1.0,-0.85,-0.2,1.0,b,-1.0,0.0,1.0,0.0,-1.0,1.0,-1.0,-1.0,0.0,0.0,0.0
203,1.0,0.04545,0.04545,1.0,0.02897,-0.09091,g,1.0,0.0,1.0,-0.04545,0.09091,0.90909,0.09091,0.0,0.09091,-0.09091,1.0
204,-1.0,-1.0,-1.0,-1.0,-1.0,-1.0,b,1.0,0.0,0.0,-0.3125,0.0,1.0,0.0,-1.0,0.0,1.0,0.0
205,0.97059,0.14706,0.02941,0.91176,0.026,0.05882,g,1.0,-0.17647,1.0,0.02941,-0.11765,0.85294,0.02941,-0.02941,-0.08824,0.17647,0.91176
206,1.0,1.0,-1.0,-1.0,-0.03578,-0.32317,b,1.0,-1.0,1.0,-0.23476,-1.0,1.0,-1.0,1.0,1.0,0.15244,-1.0
207,0.79856,0.05028,0.21053,0.68421,0.08968,0.09534,g,1.0,0.0,1.0,0.05756,-0.21053,0.42105,0.08141,-0.05263,-0.10526,0.01756,0.47368
208,0.0,0.0,0.0,0.0,-0.51282,0.0,b,0.3141,0.0,1.0,0.0,0.0,0.0,-0.80769,0.0,-0.5,0.0,-0.00641
209,0.81818,-0.45455,-0.09091,1.0,0.08867,0.63636,g,1.0,0.0,1.0,0.27273,0.36364,1.0,0.0775,-0.09091,0.45455,0.54545,1.0
210,1.0,-1.0,1.0,0.0,1.0,0.5,b,0.0,-1.0,0.0,0.0,0.0,-1.0,-1.0,0.0,-1.0,-1.0,-1.0
211,0.45455,-0.09091,-0.09091,0.63636,-0.01768,0.0,g,0.45455,-0.09091,1.0,-0.01343,0.0,0.36364,0.18182,0.0,0.09091,0.09091,0.45455
212,0.0,0.0,0.23387,-0.87097,0.51613,0.0,b,0.0,0.0,1.0,0.0,0.0,0.29839,0.0,1.0,-0.59677,0.0,-1.0
213,1.0,0.02534,-0.28571,1.0,0.04891,0.57143,g,1.0,-0.14286,1.0,0.0,0.05182,0.28571,0.0,-0.14286,0.14286,0.71429,1.0
214,1.0,-1.0,-1.0,1.0,1.0,1.0,b,1.0,1.0,0.0,1.0,1.0,1.0,1.0,1.0,1.0,-1.0,1.0
215,-0.92099,0.16731,-0.24843,-0.38033,0.10484,0.56573,g,-0.24012,0.58226,1.0,-0.24942,0.39762,0.69274,-0.5743,0.87916,0.46972,0.82161,0.87032
216,1.0,-1.0,1.0,1.0,1.0,1.0,b,1.0,-1.0,0.0,-1.0,1.0,1.0,-1.0,1.0,-1.0,1.0,1.0
217,0.76221,0.40552,0.55274,0.83675,0.54214,0.49124,g,0.53392,0.40198,1.0,0.4836,0.53448,0.3334,0.55684,0.36526,0.04174,0.15766,0.92657
218,1.0,-1.0,0.0,1.0,1.0,-1.0,b,0.0,0.0,0.0,0.0,0.0,0.0,1.0,1.0,1.0,-1.0,1.0
219,0.6526,0.75,0.7978,0.79039,0.78004,0.64363,g,0.25539,0.59942,1.0,0.73586,0.71454,-0.07361,0.88869,0.47127,0.13645,0.25359,0.93537
220,-1.0,-1.0,0.0,1.0,-1.0,1.0,b,1.0,1.0,0.0,-1.0,-1.0,1.0,-1.0,1.0,-1.0,1.0,1.0
221,0.25,0.57308,0.40006,0.36923,0.34976,0.23896,g,-0.09808,0.46439,1.0,0.37115,0.29541,-0.14943,0.44424,0.45577,0.13069,0.24323,0.80627
222,1.0,1.0,-1.0,1.0,-1.0,-1.0,b,1.0,-1.0,0.0,-1.0,1.0,1.0,-1.0,1.0,-1.0,1.0,1.0
223,0.72298,0.52284,0.7621,0.89009,0.78541,0.77702,g,0.48869,0.45217,1.0,0.5882,0.80439,0.26832,0.75622,0.32711,0.13082,0.20036,0.97467
224,1.0,-1.0,0.0,1.0,-1.0,1.0,b,0.0,0.0,0.0,0.0,0.0,0.0,0.0,1.0,0.0,1.0,0.0
225,0.4327,0.74676,0.65708,0.70588,0.58553,0.40732,g,0.04686,0.62719,1.0,0.67697,0.50131,-0.29291,0.71327,0.5683,0.15451,0.29757,0.92308
226,-1.0,-1.0,0.0,0.0,1.0,1.0,b,0.0,0.0,0.0,0.0,0.0,0.0,1.0,0.0,0.0,1.0,0.0
227,-0.64574,0.56502,-0.61055,-0.06726,-0.48392,-0.09461,g,-0.6278,0.80441,1.0,0.26906,-0.29838,0.09562,-0.64338,0.90135,0.38138,0.69431,0.88804
228,1.0,-1.0,-1.0,1.0,1.0,1.0,b,1.0,1.0,0.0,1.0,-1.0,1.0,-1.0,1.0,-1.0,1.0,1.0
229,0.71947,0.28954,0.57549,0.5558,0.482,0.49721,g,0.64333,0.21225,1.0,0.32925,1.0,0.9453,0.44872,0.05252,-0.38293,0.10278,0.73523
230,0.0,0.0,0.0,0.0,1.0,0.0,b,0.0,0.0,0.0,0.0,0.0,0.0,0.0,0.0,0.0,0.0,0.0
231,0.97213,0.04719,0.08101,0.95801,0.04356,0.07061,g,0.98551,0.0353,1.0,0.01858,0.00818,0.93274,0.07098,0.01598,0.00892,-0.0026,0.94649
232,-1.0,-1.0,0.0,0.0,-1.0,-1.0,b,0.0,0.0,0.0,0.0,0.0,0.0,1.0,0.0,1.0,-1.0,1.0
233,0.6905,0.04393,0.18065,0.68065,0.08304,0.09046,g,0.63403,0.05594,1.0,0.05058,0.0676,0.84033,0.07381,0.01282,-0.169,0.01513,0.50466
234,0.70067,0.18227,-0.53846,0.76087,0.22216,-0.06522,b,0.70736,0.73746,1.0,0.13712,0.53846,1.0,0.77425,0.10702,1.0,-0.76087,0.68729
235,1.0,-0.12581,-0.26481,0.8,-0.24549,-0.27105,g,0.82222,-0.42778,1.0,-0.83519,0.02037,0.6963,0.22037,0.06111,-0.07778,-0.2963,0.76296
236,0.24514,0.36965,0.28482,0.23346,0.26256,0.31128,b,0.05058,0.25292,1.0,0.22957,0.14786,-0.02494,0.29961,0.1323,0.15564,0.07393,0.38521
237,0.59127,-0.02381,0.03968,0.53968,-0.01237,-0.01389,g,0.60317,0.09921,1.0,0.0119,-0.13492,0.5,0.0377,0.03373,-0.03175,-0.05357,0.5754
238,0.12315,-0.09852,0.16256,-0.01478,-0.04926,0.05419,b,-0.12808,0.0,1.0,0.0,-0.0936,0.07882,0.02956,0.18719,-0.15271,0.05911,0.06404
239,0.71588,-0.00224,-0.09508,0.74273,-0.01673,-0.05145,g,0.6868,0.15772,1.0,0.066,0.0481,0.71253,0.11745,0.00224,0.1085,-0.06935,0.61857
240,0.0,0.0,0.35696,0.0,-1.0,-1.0,b,0.0,-0.07342,1.0,0.0,0.0,-0.1038,0.33671,0.0,0.35949,0.0,0.25316
241,0.88853,0.01179,-0.19507,0.89175,-0.14903,-0.18542,g,0.90782,-0.10932,1.0,-0.13719,-0.12862,0.90139,-0.12433,-0.12755,-0.00857,-0.02465,0.88103
242,0.0,0.0,-0.40833,0.46458,-1.0,0.0,b,0.59167,0.02083,1.0,0.0,-0.75625,0.9875,0.0,0.51042,-0.5,0.0,0.42708
243,0.9304,-0.01033,-0.14138,0.89179,-0.11808,-0.12452,g,0.89451,-0.08428,1.0,-0.08918,-0.13051,0.8298,-0.11909,-0.10223,0.01631,0.01305,0.88853
244,1.0,0.19556,0.0,0.0,-1.0,0.11778,b,0.0,-0.42444,1.0,-0.05333,0.0,0.0,-0.18667,0.0,0.0,0.12889,0.0
245,0.85571,-0.06714,-0.06857,0.79571,-0.08669,-0.05,g,0.81,0.0,1.0,0.00286,-0.10429,0.77,-0.05,-0.04286,0.03714,-0.00143,0.81143
246,-1.0,1.0,0.0,0.0,1.0,0.0,b,0.0,0.0,1.0,0.55172,0.0,0.0,0.0,0.0,0.0,0.0,0.0
247,0.55844,-0.11948,0.0,0.5013,-0.0328,-0.05455,g,0.55325,0.05974,1.0,-0.03636,0.03377,0.59221,-0.01039,0.0961,0.01818,-0.0961,0.4987
248,0.0,0.0,0.0,0.0,-1.0,0.0,b,0.0,0.0,0.0,0.0,0.0,0.0,0.0,0.0,0.0,0.0,0.0
249,-0.34107,0.60793,-0.12744,0.16851,-0.10242,-0.04142,g,-0.36676,0.80454,1.0,0.37856,-0.07036,-0.07782,-0.12964,0.9118,0.5,0.25,1.0
250,1.0,-0.11111,0.0,-1.0,-1.0,0.0,b,-1.0,0.0,1.0,0.0,0.0,0.0,-1.0,-1.0,0.0,0.0,0.0
251,-0.70561,0.5156,-0.66421,-0.03933,-0.51568,-0.05938,g,-0.67474,0.79346,1.0,0.22735,-0.29897,0.15552,-0.70762,0.9074,0.38027,0.69212,0.87048
252,1.0,0.37333,0.0,-1.0,0.22667,0.0,b,-1.0,0.0,1.0,-0.12,0.0,0.0,-1.0,1.0,0.0,0.0,0.0
253,-0.86443,0.33652,-0.5591,-0.24103,-0.24433,0.38915,g,-0.4695,0.71257,1.0,-0.05338,0.09599,0.55984,-0.7757,0.92544,0.43491,0.77655,0.88179
254,-0.61352,0.25786,-0.06295,-0.25706,-0.11876,0.13296,g,-0.30315,0.1938,1.0,-0.05409,-0.11409,0.27942,-0.22786,0.92324,0.0252,0.21278,0.32834
255,-0.86622,0.21909,-0.27734,-0.33221,0.08718,0.70011,g,-0.19354,0.59564,1.0,-0.24164,0.49079,0.79143,-0.72454,0.83578,0.39121,0.78579,0.83427
256,0.67028,0.0722,0.14079,0.63177,0.02019,-0.00963,g,0.67148,-0.07461,1.0,-0.08424,0.04452,0.65945,0.03129,0.00963,-0.0349,0.00481,0.62335
257,0.63787,0.00551,-0.15809,0.79228,0.07124,0.07458,g,0.61029,0.43934,1.0,0.21691,0.0864,0.72978,-0.25,0.07721,-0.0239,0.03309,0.74449
258,0.73961,0.0506,-0.07231,0.65077,0.08767,0.09207,g,0.61692,0.08,1.0,0.05776,0.25692,0.60154,0.08041,-0.10308,0.18923,0.0178,0.61538
259,0.81892,0.00585,-0.04243,0.843,0.01096,0.0119,g,0.77935,0.04102,1.0,0.00673,0.11598,0.79632,0.00978,0.09901,0.05375,0.00202,0.68317
260,0.45652,0.04783,-0.0087,0.46957,0.06908,0.14783,g,0.42174,-0.12609,1.0,0.02609,0.03913,0.47391,-0.11304,-0.03913,0.0,0.10435,0.5
261,0.57898,0.60814,0.63183,0.6932,0.60696,0.51701,g,0.29587,0.50122,1.0,0.58445,0.56015,-0.08748,0.72236,0.41252,0.09417,0.20656,0.7983
262,0.56937,0.71942,0.75596,0.80365,0.69187,0.54522,g,0.21137,0.60297,1.0,0.74079,0.60948,-0.15144,0.7987,0.5302,0.09802,0.25101,1.0
263,0.39699,0.76161,0.50489,0.63388,0.40753,0.19172,g,-0.09159,0.71016,1.0,0.79523,0.27252,-0.40552,0.6261,0.59975,0.13425,0.31543,0.8941
264,0.48698,0.83614,0.76482,0.73678,0.66335,0.42488,g,-0.00701,0.73838,1.0,0.90665,0.52564,-0.46534,0.82492,0.63842,0.17498,0.33143,0.94631
265,0.361,0.81795,0.53886,0.60425,0.40972,0.13667,g,-0.1639,0.74922,1.0,0.83558,0.27338,-0.5314,0.65385,0.69865,0.18198,0.35543,0.91767
266,-0.07727,0.44545,-0.03229,0.15,-0.12486,-0.24648,g,-0.56136,0.59565,1.0,0.48636,-0.19714,-0.38483,0.07588,0.22273,0.21106,0.38112,0.76627
267,0.50331,0.12252,0.26653,0.56623,0.27687,0.29324,g,0.54305,0.24172,1.0,0.19868,0.28574,0.51872,0.07285,0.16225,-0.60927,0.55298,0.5894
268,0.6907,0.12524,0.37381,0.71157,0.17951,0.18897,g,0.6945,-0.0778,1.0,0.03985,0.32448,0.53321,0.05882,0.01139,0.11385,-0.12144,1.0
269,0.6726,-0.05771,-0.22822,0.66725,-0.09128,-0.09621,g,0.71254,-0.07666,1.0,-0.06438,-0.08537,0.47038,-0.08453,-0.0662,0.06794,-0.02299,0.84843
270,0.96186,-0.01436,0.02003,0.8798,-0.03034,-0.03464,g,0.91152,0.01419,1.0,-0.01671,-0.05843,0.98164,-0.02591,-0.03923,0.08013,-0.00482,1.0
271,0.49485,0.15979,0.19588,0.73196,-0.12447,0.04124,g,0.5,-0.21649,1.0,-0.11856,-0.26289,0.70619,0.08247,0.07216,-0.12371,-0.12371,0.47938
272,0.79446,-0.43418,0.23095,0.65358,0.17704,0.19841,g,0.6351,0.08314,1.0,0.54965,0.07621,0.64665,0.15359,-0.00462,-0.04388,0.02968,0.6351
273,0.71685,-0.04719,0.04944,0.58876,0.00824,0.10562,g,0.64719,-0.00449,1.0,0.00899,-0.03596,0.46517,-0.03596,0.02472,-0.03596,0.01348,0.50112
274,0.64725,0.15858,-0.05502,0.77994,0.0004,-0.1068,g,0.46926,0.09709,1.0,-0.01942,-0.06796,0.52427,0.21683,0.08091,-0.00647,-0.04207,0.71521
275,0.59753,0.04938,-0.1284,0.60988,-0.02451,-0.0716,g,0.73827,0.11852,1.0,0.0963,0.02222,0.66667,0.08148,-0.00494,0.1037,0.03457,0.68148
276,0.57966,-0.02034,-0.0339,0.50508,0.0075,-0.02712,g,0.56949,-0.07797,1.0,0.07797,-0.00339,0.52881,-0.0339,0.03729,-0.02712,0.04068,0.60678
277,0.33495,0.04854,-0.15049,0.57282,0.03815,0.0,g,0.43204,0.02427,1.0,0.00485,0.17476,0.31068,0.25728,-0.02427,0.09709,0.05825,0.49515
278,0.55076,0.60179,0.69714,0.74706,0.6051,0.44195,g,0.28379,0.51879,1.0,0.66237,0.55805,-0.16489,0.71284,0.48906,0.02187,0.341,0.98822
279,0.40349,0.83156,0.58324,0.7176,0.4604,0.18345,g,-0.12193,0.73743,1.0,0.84804,0.30796,-0.51034,0.71676,0.64888,0.1581,0.35237,0.97905
280,0.10107,0.83312,0.15908,0.53312,0.02277,-0.22949,g,-0.43707,0.88291,1.0,0.89274,-0.13462,-0.64658,0.35534,0.7812,0.21677,0.4703,0.99701
281,0.14939,0.89489,0.30912,0.56687,0.15619,-0.17921,g,-0.42811,0.8323,1.0,0.93682,-0.04399,-0.68851,0.50428,0.7083,0.19959,0.40803,0.94331
282,-0.20015,0.89335,-0.26883,0.34961,-0.46438,-0.70835,g,-0.76305,0.90403,1.0,0.82163,-0.61446,-0.75273,-0.04284,0.80511,0.28082,0.52821,0.93972
283,-0.25137,0.48816,-0.5362,-0.03643,-0.51925,-0.30057,g,-0.47359,0.75334,1.0,0.28415,-0.43478,-0.12897,-0.47592,0.8051,0.35157,0.62233,0.89835
284,-0.04725,0.12767,-0.01505,0.1203,-0.01475,-0.00948,g,-0.05431,0.21303,1.0,0.07907,-0.0125,-0.01755,-0.01176,0.26316,0.10025,0.17293,0.29073
285,0.65977,0.06391,-0.04699,0.82519,-0.10571,-0.12218,g,0.76128,-0.27632,1.0,0.14662,-0.13346,0.6485,-0.40977,0.19361,-0.35526,0.35338,0.58459
286,0.49418,0.12686,0.1453,0.23888,0.14314,0.13632,g,0.48158,0.2033,1.0,0.13507,0.16137,0.26436,0.14638,0.12961,0.13215,0.06059,0.83609
287,0.83289,0.03027,0.0222,0.76966,0.06235,0.0709,g,0.80019,0.10916,1.0,0.03506,0.09251,0.77336,0.05352,-0.00278,0.11933,0.01038,0.9408
288,0.90446,-0.26724,-0.09193,0.89455,-0.02908,0.21812,g,0.84452,-0.02028,1.0,0.19964,-0.04101,0.86661,-0.25101,-0.08337,0.04326,0.18297,0.87111
289,0.97921,-0.00469,-0.01207,0.74313,0.02552,0.11066,g,0.71026,0.02482,1.0,0.10195,-0.01073,0.71764,0.0,-0.09188,0.02549,0.09792,0.74916
290,0.44675,0.27515,-0.02367,0.45562,0.03259,-0.14497,g,0.4142,0.01775,1.0,-0.03846,0.25148,0.47929,-0.10651,-0.04438,0.19527,-0.18343,0.47337
291,0.6742,-0.0452,-0.33145,0.80979,-0.16837,-0.31262,g,0.81544,0.02825,1.0,-0.13748,-0.02072,0.56121,0.06215,0.02448,0.14689,-0.13936,0.59887
292,0.74947,-0.11677,-0.26115,0.73673,-0.23312,-0.37792,g,0.61996,-0.13588,1.0,-0.18684,-0.22293,0.84926,-0.03397,-0.07643,-0.03397,-0.08493,0.84713
293,0.82337,-0.10598,-0.1875,0.77174,-0.10211,-0.1087,g,0.83424,-0.05707,1.0,-0.00543,-0.03261,0.85054,-0.27989,-0.02174,-0.08152,0.07337,0.87772
294,0.87945,-0.1917,-0.10474,0.69565,-0.12041,0.06917,g,0.63636,-0.23518,1.0,0.0415,-0.20949,0.67194,-0.28656,-0.11067,-0.13241,0.16996,0.74704
295,0.63858,-0.16186,-0.20177,0.47894,-0.11455,-0.11752,g,0.52993,0.0133,1.0,-0.03326,-0.02882,0.41463,-0.13525,-0.13969,0.11308,0.00665,0.46785
296,-0.20097,0.892,-0.26356,0.38825,-0.45511,-0.667,g,-0.78768,0.96128,1.0,0.775,-0.60858,-0.78334,-0.08079,0.90502,0.27475,0.42881,0.88116
297,-0.23237,0.9513,-0.46906,0.26203,-0.69556,-0.93953,g,-0.90995,0.96748,1.0,0.81018,-0.85725,-0.83192,-0.19838,0.92651,0.29282,0.55756,0.93147
298,-0.62403,0.71996,-0.67605,0.05717,-0.81876,-0.82127,g,-1.0,0.92118,1.0,0.32558,-0.86841,-0.57242,-0.45478,1.0,0.30634,0.57816,0.88241
299,-0.35558,0.77681,-0.52954,0.21991,-0.60863,-0.48468,g,-0.75821,0.85011,1.0,0.58425,-0.61488,-0.37199,-0.39168,0.86761,0.28993,0.47702,0.83479
300,-0.47202,0.8359,-0.74735,0.21592,-0.86122,-0.78057,g,-0.91814,0.96167,1.0,0.6549,-0.87159,-0.50757,-0.54069,0.95193,0.33164,0.62349,0.9287
301,-0.41729,0.66541,-0.66014,0.17293,-0.69706,-0.51206,g,-0.7218,0.79886,1.0,0.47744,-0.64428,-0.26577,-0.53463,0.78947,0.31456,0.57671,0.83367
302,0.985,-0.07458,-0.08341,0.9872,-0.12912,-0.15755,g,0.97264,-0.02604,1.0,-0.07149,-0.14916,0.97352,-0.08914,0.01456,-0.02736,-0.04104,0.98455
303,0.97173,-0.01767,-0.04476,0.95878,-0.05827,-0.07244,g,0.9523,-0.0371,1.0,-0.03887,-0.07479,0.92049,-0.04417,-0.0106,-0.01531,0.01001,0.94052
304,0.93607,-0.08447,0.06849,0.9863,-0.09252,-0.08676,g,0.97032,0.00228,1.0,-0.00228,-0.20091,0.92466,-0.05251,0.18265,-0.14384,-0.00228,0.97032
305,0.64407,0.28814,0.15254,0.30508,-0.00266,-0.15254,g,0.55932,-0.13559,1.0,-0.35593,-0.0339,0.40678,0.05085,-0.01695,-0.0339,0.08475,0.52542
306,0.54911,-0.08443,0.08333,0.41667,-0.14256,-0.14809,g,0.25,-0.11111,1.0,0.33333,-0.13889,0.38889,-0.02778,0.13889,-0.25,0.22222,0.33333
307,0.21249,1.0,0.35175,0.45622,0.09569,-0.42226,g,-0.61382,1.0,1.0,1.0,-0.16713,-1.0,0.47894,0.46427,1.0,0.5381,0.51207
308,-0.09818,0.93778,-0.29099,0.35225,-0.32792,-0.60454,g,-0.68358,0.94749,1.0,0.82223,-0.19185,-0.98988,0.02995,0.70792,0.49638,0.54301,0.75564
309,-0.46177,0.78497,-0.67796,0.1647,-0.62691,-0.39167,g,-0.84014,0.86947,1.0,0.5207,-0.45911,-0.37298,-0.48905,0.82732,0.42904,0.58385,0.83789
310,-0.56535,0.83397,-0.84951,0.15323,-0.91221,-0.69613,g,-0.93641,0.96301,1.0,0.58045,-0.85762,-0.36799,-0.67464,0.95776,0.35107,0.6564,0.93658
311,-0.66616,0.78766,-0.88082,-0.11108,-0.85137,-0.46048,g,-1.0,0.92453,1.0,0.42314,-0.70247,-0.13486,-0.78174,0.76527,0.36924,0.6842,0.92436
312,1.0,-0.01731,-0.22978,1.0,-0.06823,-0.14194,g,1.0,-0.01511,1.0,-0.06374,0.08299,1.0,-0.02685,-0.12352,0.16195,-0.05558,1.0
313,1.0,-0.14247,-0.01664,0.82809,-0.01769,-0.01957,g,0.84013,0.10368,1.0,-0.02542,-0.01867,0.85741,-0.08495,-0.51171,-0.00155,-0.13244,0.95559
314,-0.42911,0.72328,-0.5254,0.14177,-0.48707,-0.23199,g,-0.69977,0.78772,1.0,0.41471,-0.38059,-0.17437,-0.38287,0.83548,0.29492,0.52312,0.79378
315,-0.62635,0.6959,-0.75533,0.05832,-0.71504,-0.36765,g,-0.81641,0.8649,1.0,0.39309,-0.57649,-0.11147,-0.68337,0.90842,0.35232,0.65128,0.88085
316,-0.7766,0.58511,-0.85703,-0.04787,-0.68593,-0.07029,g,-0.76064,0.84605,1.0,0.25133,-0.40656,0.21581,-0.88591,0.94415,0.39286,0.71804,0.89589
317,0.92405,0.06329,-0.37975,0.88608,-0.0554,0.02532,g,0.87342,0.11392,1.0,-0.03797,-0.06329,0.62025,0.25316,0.01266,-0.24051,-0.20253,1.0
318,0.79093,0.04731,0.08403,0.86555,0.08296,0.08757,g,0.84034,0.05882,1.0,0.05407,0.01681,0.66387,0.07577,0.01681,0.0084,0.01659,0.7479
319,0.91161,0.0432,0.10853,0.92765,0.0895,0.10134,g,0.95866,0.1137,1.0,0.05018,0.08786,0.83721,0.07697,0.0801,0.01809,0.01456,0.85013
320,1.0,-0.02187,-0.04931,1.0,-0.05527,-0.06497,g,0.99314,-0.02809,1.0,-0.03087,-0.06304,1.0,-0.05039,-0.01565,-0.01179,-0.00343,1.0
321,0.94059,-0.01584,0.02376,0.92871,0.01611,0.04158,g,0.94257,-0.0099,1.0,0.03366,0.00198,0.89307,-0.01782,0.02772,-0.03168,0.05545,0.89505
322,0.97872,0.01064,0.0461,0.84752,0.03247,0.01064,g,0.89716,0.03546,1.0,0.03546,0.02482,0.90071,0.0922,0.05674,0.01773,-0.01773,0.90071
323,0.57576,0.15152,0.05929,0.63636,0.06142,0.0641,g,0.51515,-0.21212,1.0,0.0,-0.0303,0.48526,-0.15152,0.09091,-0.24242,0.0127,0.39394
324,-0.51763,0.67577,-0.59954,0.08646,-0.53127,-0.19681,g,-0.69397,0.86121,1.0,0.41524,-0.37088,-0.02844,-0.57679,0.85893,0.3595,0.66667,0.86689
325,-0.67274,0.62078,-0.73856,-0.04193,-0.62296,-0.17343,g,-0.73564,0.84414,1.0,0.30356,-0.42086,0.06911,-0.73855,0.93345,0.37917,0.69438,0.89563
326,-0.79657,0.55086,-0.85368,-0.13342,-0.61959,0.098,g,-0.71863,0.83263,1.0,0.15192,-0.28123,0.36318,-0.93788,0.9782,0.41113,0.74761,0.90547
327,-0.87192,0.36946,-0.4595,-0.27586,-0.06831,0.00246,g,-0.46552,0.37685,1.0,-0.08867,1.0,0.73792,-0.20443,0.93596,1.0,0.06158,1.0
328,-0.57576,0.0,-0.39394,-0.32104,0.12331,0.36364,g,-0.09091,0.48485,1.0,-0.12121,0.57576,1.0,-0.42424,0.73062,0.51515,0.33333,1.0
329,0.93902,0.00915,0.04878,0.90244,0.02226,0.05488,g,0.94207,0.01829,1.0,0.00305,0.00915,0.99695,0.05488,0.01829,0.0,-0.02744,0.8811
330,0.94681,-0.00709,0.15957,0.92908,0.08165,0.18085,g,0.95035,0.08865,1.0,0.0,0.06738,0.91135,0.07092,0.01064,0.08156,-0.08156,0.82624
331,0.87657,0.02912,0.11348,0.87234,0.06014,0.068,g,0.95035,0.10638,1.0,0.03382,-0.03546,0.87234,0.05178,-0.01418,0.10638,0.00982,0.74468
332,0.87021,0.00994,-0.04348,0.86335,0.02033,0.02308,g,0.85714,0.07453,1.0,0.01151,0.08696,0.79503,0.01749,0.0,0.03727,0.00343,0.87578
333,0.97158,0.03552,0.03552,0.9929,0.06477,0.06217,g,0.98579,0.02309,1.0,0.0373,0.08171,0.98401,0.05506,0.01599,0.0071,0.01954,0.97513
334,0.98343,0.0232,-0.00663,0.99448,0.016,0.02099,g,0.97901,-0.00221,1.0,0.00884,0.01547,0.97127,0.02099,-0.01436,0.01105,0.01105,1.0
335,0.95973,0.02908,0.10067,1.0,0.08763,0.10067,g,1.0,0.04474,1.0,0.06488,0.08501,1.0,0.07383,0.06264,-0.01342,0.01566,1.0
336,-0.60316,0.58842,-0.69774,0.02424,-0.60678,-0.21542,g,-0.69318,0.83713,1.0,0.38778,-0.43383,0.00806,-0.68126,0.93182,0.36724,0.67382,0.8842
337,-0.81857,0.50949,-0.82154,-0.20449,-0.55231,0.20359,g,-0.70163,0.81191,1.0,0.10345,-0.18725,0.44483,-0.94172,0.96534,0.41786,0.75725,0.90147
338,-0.63714,0.24865,-0.1856,-0.25131,-0.11498,0.2054,g,-0.30522,0.26664,1.0,-0.00337,0.05614,0.28307,-0.28916,0.91993,0.11042,0.29308,0.32789
339,-0.84211,0.07111,-0.18645,-0.32027,0.23713,0.76764,g,-0.04759,0.52408,1.0,-0.28723,0.59071,0.743,-0.52128,0.82139,0.43617,0.74804,0.65845
340,-0.4542,0.0916,0.24692,-0.18321,0.31092,0.16794,g,0.18702,0.06107,1.0,-0.30534,0.26336,0.21645,-0.16031,-0.18321,0.05725,0.25191,0.19466
341,0.97888,0.03073,0.08107,0.94721,0.07255,0.08126,g,0.93552,0.0213,1.0,0.02338,0.08088,0.94155,0.06241,0.02394,0.00075,0.0,0.98002
342,0.84624,0.05029,-0.0237,0.86821,-0.02731,-0.0422,g,0.78324,-0.11734,1.0,-0.07399,-0.0763,0.74451,-0.06012,-0.07514,-0.07572,0.00231,0.82254
343,0.62099,-0.06527,-0.00564,0.55717,-0.09038,-0.08637,g,0.58213,-0.10467,1.0,-0.07289,-0.10306,0.45008,-0.08989,-0.06119,-0.13768,-0.02423,0.35346
344,0.83096,0.00744,-0.00303,0.79988,0.01375,0.01484,g,0.76531,0.12068,1.0,0.00854,0.00849,0.77138,0.01232,0.02304,0.01092,0.00258,0.76046
345,0.40164,-0.48907,0.06967,0.75683,0.17088,0.2459,g,0.78552,-0.14071,1.0,0.58743,0.07787,0.60656,0.00683,-0.00273,-0.01366,0.06831,0.66667
346,0.81197,0.06723,-0.04202,0.90441,0.00123,-0.10714,g,0.96639,0.1313,1.0,-0.08929,0.12815,0.95378,0.06618,-0.04622,0.08298,-0.14706,0.83508
347,0.94171,0.0733,0.01361,0.9459,0.04925,-0.00035,g,0.94834,0.03281,1.0,-0.01326,0.08168,0.9452,0.10087,0.01606,0.00419,-0.02723,0.95113
348,0.92595,0.04688,0.03193,0.95584,0.02542,0.00442,g,0.93784,0.01766,1.0,-0.01461,0.02242,0.93988,0.06148,0.02446,-0.00034,-0.03227,0.94701
349,0.89061,-0.01436,-0.02099,0.85746,-0.0776,-0.03757,g,0.80773,-0.03315,1.0,-0.0453,-0.17238,0.9105,-0.0232,0.0011,-0.01657,-0.01989,0.90608
350,0.80668,-0.00351,-0.15114,0.88928,-0.04822,-0.06678,g,0.8717,0.06678,1.0,-0.01054,-0.00703,0.86467,0.04394,-0.09139,0.13533,-0.06151,0.8471
