,class_num,DS_Name_cat,T_num,N_num,p_num,k_num,Bin_num,Cost_num,SDratio_num,correl_num,cancor1_num,cancor2_num,fract1_num,fract2_num,skewness_num,kurtosis_num,Hc_num,Hx_num,MCx_num,EnAtr_num,NSRatio_num,Alg_Name_cat
0,3.893,Aust_Credit,690.0,690.0,14.0,2.0,4.0,0.0,1.2623,0.1024,0.7713,,1.0,,1.9701,12.5538,0.9912,2.3012,0.113,8.77168,19.3646,Ac2
1,5.45,Aust_Credit,690.0,690.0,14.0,2.0,4.0,0.0,1.2623,0.1024,0.7713,,1.0,,1.9701,12.5538,0.9912,2.3012,0.113,8.77168,19.3646,Alloc80
2,1.791,Aust_Credit,690.0,690.0,14.0,2.0,4.0,0.0,1.2623,0.1024,0.7713,,1.0,,1.9701,12.5538,0.9912,2.3012,0.113,8.77168,19.3646,BackProp
3,1.557,Aust_Credit,690.0,690.0,14.0,2.0,4.0,0.0,1.2623,0.1024,0.7713,,1.0,,1.9701,12.5538,0.9912,2.3012,0.113,8.77168,19.3646,Bayes
4,3.114,Aust_Credit,690.0,690.0,14.0,2.0,4.0,0.0,1.2623,0.1024,0.7713,,1.0,,1.9701,12.5538,0.9912,2.3012,0.113,8.77168,19.3646,BayesTree
5,1.868,Aust_Credit,690.0,690.0,14.0,2.0,4.0,0.0,1.2623,0.1024,0.7713,,1.0,,1.9701,12.5538,0.9912,2.3012,0.113,8.77168,19.3646,C4_5
6,1.09,Aust_Credit,690.0,690.0,14.0,2.0,4.0,0.0,1.2623,0.1024,0.7713,,1.0,,1.9701,12.5538,0.9912,2.3012,0.113,8.77168,19.3646,CART
7,0.0,Aust_Credit,690.0,690.0,14.0,2.0,4.0,0.0,1.2623,0.1024,0.7713,,1.0,,1.9701,12.5538,0.9912,2.3012,0.113,8.77168,19.3646,Cal5
8,67.655,Aust_Credit,690.0,690.0,14.0,2.0,4.0,0.0,1.2623,0.1024,0.7713,,1.0,,1.9701,12.5538,0.9912,2.3012,0.113,8.77168,19.3646,Cascade
9,1.324,Aust_Credit,690.0,690.0,14.0,2.0,4.0,0.0,1.2623,0.1024,0.7713,,1.0,,1.9701,12.5538,0.9912,2.3012,0.113,8.77168,19.3646,Castle
10,5.683,Aust_Credit,690.0,690.0,14.0,2.0,4.0,0.0,1.2623,0.1024,0.7713,,1.0,,1.9701,12.5538,0.9912,2.3012,0.113,8.77168,19.3646,Cn2
11,24.057,Aust_Credit,690.0,690.0,14.0,2.0,4.0,0.0,1.2623,0.1024,0.7713,,1.0,,1.9701,12.5538,0.9912,2.3012,0.113,8.77168,19.3646,Default
12,0.779,Aust_Credit,690.0,690.0,14.0,2.0,4.0,0.0,1.2623,0.1024,0.7713,,1.0,,1.9701,12.5538,0.9912,2.3012,0.113,8.77168,19.3646,Dipol92
13,0.779,Aust_Credit,690.0,690.0,14.0,2.0,4.0,0.0,1.2623,0.1024,0.7713,,1.0,,1.9701,12.5538,0.9912,2.3012,0.113,8.77168,19.3646,Discrim
14,0.467,Aust_Credit,690.0,690.0,14.0,2.0,4.0,0.0,1.2623,0.1024,0.7713,,1.0,,1.9701,12.5538,0.9912,2.3012,0.113,8.77168,19.3646,ITrule
15,1.635,Aust_Credit,690.0,690.0,14.0,2.0,4.0,0.0,1.2623,0.1024,0.7713,,1.0,,1.9701,12.5538,0.9912,2.3012,0.113,8.77168,19.3646,IndCART
16,3.893,Aust_Credit,690.0,690.0,14.0,2.0,4.0,0.0,1.2623,0.1024,0.7713,,1.0,,1.9701,12.5538,0.9912,2.3012,0.113,8.77168,19.3646,KNN
17,67.655,Aust_Credit,690.0,690.0,14.0,2.0,4.0,0.0,1.2623,0.1024,0.7713,,1.0,,1.9701,12.5538,0.9912,2.3012,0.113,8.77168,19.3646,Kohonen
18,5.138,Aust_Credit,690.0,690.0,14.0,2.0,4.0,0.0,1.2623,0.1024,0.7713,,1.0,,1.9701,12.5538,0.9912,2.3012,0.113,8.77168,19.3646,LVQ
19,0.779,Aust_Credit,690.0,690.0,14.0,2.0,4.0,0.0,1.2623,0.1024,0.7713,,1.0,,1.9701,12.5538,0.9912,2.3012,0.113,8.77168,19.3646,LogDisc
20,3.893,Aust_Credit,690.0,690.0,14.0,2.0,4.0,0.0,1.2623,0.1024,0.7713,,1.0,,1.9701,12.5538,0.9912,2.3012,0.113,8.77168,19.3646,NewId
21,5.917,Aust_Credit,690.0,690.0,14.0,2.0,4.0,0.0,1.2623,0.1024,0.7713,,1.0,,1.9701,12.5538,0.9912,2.3012,0.113,8.77168,19.3646,QuaDisc
22,1.09,Aust_Credit,690.0,690.0,14.0,2.0,4.0,0.0,1.2623,0.1024,0.7713,,1.0,,1.9701,12.5538,0.9912,2.3012,0.113,8.77168,19.3646,RBF
23,2.102,Aust_Credit,690.0,690.0,14.0,2.0,4.0,0.0,1.2623,0.1024,0.7713,,1.0,,1.9701,12.5538,0.9912,2.3012,0.113,8.77168,19.3646,Smart
24,9.035,BT,16000.0,20000.0,7.0,2.0,0.0,0.0,1.0975,0.1146,0.6109,,1.0,,6.1012,93.1399,0.2893,2.7416,0.0495,5.84444,54.3859,Ac2
25,9.939,BT,16000.0,20000.0,7.0,2.0,0.0,0.0,1.0975,0.1146,0.6109,,1.0,,6.1012,93.1399,0.2893,2.7416,0.0495,5.84444,54.3859,Alloc80
26,2.711,BT,16000.0,20000.0,7.0,2.0,0.0,0.0,1.0975,0.1146,0.6109,,1.0,,6.1012,93.1399,0.2893,2.7416,0.0495,5.84444,54.3859,BackProp
27,20.781,BT,16000.0,20000.0,7.0,2.0,0.0,0.0,1.0975,0.1146,0.6109,,1.0,,6.1012,93.1399,0.2893,2.7416,0.0495,5.84444,54.3859,Bayes
28,7.228,BT,16000.0,20000.0,7.0,2.0,0.0,0.0,1.0975,0.1146,0.6109,,1.0,,6.1012,93.1399,0.2893,2.7416,0.0495,5.84444,54.3859,BayesTree
29,1.807,BT,16000.0,20000.0,7.0,2.0,0.0,0.0,1.0975,0.1146,0.6109,,1.0,,6.1012,93.1399,0.2893,2.7416,0.0495,5.84444,54.3859,C4_5
30,885.438,BT,16000.0,20000.0,7.0,2.0,0.0,0.0,1.0975,0.1146,0.6109,,1.0,,6.1012,93.1399,0.2893,2.7416,0.0495,5.84444,54.3859,CART
31,2.711,BT,16000.0,20000.0,7.0,2.0,0.0,0.0,1.0975,0.1146,0.6109,,1.0,,6.1012,93.1399,0.2893,2.7416,0.0495,5.84444,54.3859,Cal5
32,885.438,BT,16000.0,20000.0,7.0,2.0,0.0,0.0,1.0975,0.1146,0.6109,,1.0,,6.1012,93.1399,0.2893,2.7416,0.0495,5.84444,54.3859,Cascade
33,24.395,BT,16000.0,20000.0,7.0,2.0,0.0,0.0,1.0975,0.1146,0.6109,,1.0,,6.1012,93.1399,0.2893,2.7416,0.0495,5.84444,54.3859,Castle
34,10.842,BT,16000.0,20000.0,7.0,2.0,0.0,0.0,1.0975,0.1146,0.6109,,1.0,,6.1012,93.1399,0.2893,2.7416,0.0495,5.84444,54.3859,Cn2
35,27.105,BT,16000.0,20000.0,7.0,2.0,0.0,0.0,1.0975,0.1146,0.6109,,1.0,,6.1012,93.1399,0.2893,2.7416,0.0495,5.84444,54.3859,Default
36,0.0,BT,16000.0,20000.0,7.0,2.0,0.0,0.0,1.0975,0.1146,0.6109,,1.0,,6.1012,93.1399,0.2893,2.7416,0.0495,5.84444,54.3859,Dipol92
37,11.746,BT,16000.0,20000.0,7.0,2.0,0.0,0.0,1.0975,0.1146,0.6109,,1.0,,6.1012,93.1399,0.2893,2.7416,0.0495,5.84444,54.3859,Discrim
38,23.491,BT,16000.0,20000.0,7.0,2.0,0.0,0.0,1.0975,0.1146,0.6109,,1.0,,6.1012,93.1399,0.2893,2.7416,0.0495,5.84444,54.3859,ITrule
39,4.518,BT,16000.0,20000.0,7.0,2.0,0.0,0.0,1.0975,0.1146,0.6109,,1.0,,6.1012,93.1399,0.2893,2.7416,0.0495,5.84444,54.3859,IndCART
40,9.939,BT,16000.0,20000.0,7.0,2.0,0.0,0.0,1.0975,0.1146,0.6109,,1.0,,6.1012,93.1399,0.2893,2.7416,0.0495,5.84444,54.3859,KNN
41,20.781,BT,16000.0,20000.0,7.0,2.0,0.0,0.0,1.0975,0.1146,0.6109,,1.0,,6.1012,93.1399,0.2893,2.7416,0.0495,5.84444,54.3859,Kohonen
42,18.07,BT,16000.0,20000.0,7.0,2.0,0.0,0.0,1.0975,0.1146,0.6109,,1.0,,6.1012,93.1399,0.2893,2.7416,0.0495,5.84444,54.3859,LVQ
43,9.035,BT,16000.0,20000.0,7.0,2.0,0.0,0.0,1.0975,0.1146,0.6109,,1.0,,6.1012,93.1399,0.2893,2.7416,0.0495,5.84444,54.3859,LogDisc
44,11.746,BT,16000.0,20000.0,7.0,2.0,0.0,0.0,1.0975,0.1146,0.6109,,1.0,,6.1012,93.1399,0.2893,2.7416,0.0495,5.84444,54.3859,NewId
45,27.105,BT,16000.0,20000.0,7.0,2.0,0.0,0.0,1.0975,0.1146,0.6109,,1.0,,6.1012,93.1399,0.2893,2.7416,0.0495,5.84444,54.3859,QuaDisc
46,9.939,BT,16000.0,20000.0,7.0,2.0,0.0,0.0,1.0975,0.1146,0.6109,,1.0,,6.1012,93.1399,0.2893,2.7416,0.0495,5.84444,54.3859,RBF
47,0.0,BT,16000.0,20000.0,7.0,2.0,0.0,0.0,1.0975,0.1146,0.6109,,1.0,,6.1012,93.1399,0.2893,2.7416,0.0495,5.84444,54.3859,Smart
48,12.819,Belgian,1250.0,2500.0,28.0,2.0,0.0,0.0,1.5124,0.3503,0.8869,,1.0,,0.4334,2.6581,0.9453,5.4853,0.3172,2.98014,16.2929,Ac2
49,17.397,Belgian,1250.0,2500.0,28.0,2.0,0.0,0.0,1.5124,0.3503,0.8869,,1.0,,0.4334,2.6581,0.9453,5.4853,0.3172,2.98014,16.2929,Alloc80
50,5.036,Belgian,1250.0,2500.0,28.0,2.0,0.0,0.0,1.5124,0.3503,0.8869,,1.0,,0.4334,2.6581,0.9453,5.4853,0.3172,2.98014,16.2929,BackProp
51,25.637,Belgian,1250.0,2500.0,28.0,2.0,0.0,0.0,1.5124,0.3503,0.8869,,1.0,,0.4334,2.6581,0.9453,5.4853,0.3172,2.98014,16.2929,Bayes
52,10.987,Belgian,1250.0,2500.0,28.0,2.0,0.0,0.0,1.5124,0.3503,0.8869,,1.0,,0.4334,2.6581,0.9453,5.4853,0.3172,2.98014,16.2929,BayesTree
53,15.566,Belgian,1250.0,2500.0,28.0,2.0,0.0,0.0,1.5124,0.3503,0.8869,,1.0,,0.4334,2.6581,0.9453,5.4853,0.3172,2.98014,16.2929,C4_5
54,12.819,Belgian,1250.0,2500.0,28.0,2.0,0.0,0.0,1.5124,0.3503,0.8869,,1.0,,0.4334,2.6581,0.9453,5.4853,0.3172,2.98014,16.2929,CART
55,10.53,Belgian,1250.0,2500.0,28.0,2.0,0.0,0.0,1.5124,0.3503,0.8869,,1.0,,0.4334,2.6581,0.9453,5.4853,0.3172,2.98014,16.2929,Cal5
56,455.064,Belgian,1250.0,2500.0,28.0,2.0,0.0,0.0,1.5124,0.3503,0.8869,,1.0,,0.4334,2.6581,0.9453,5.4853,0.3172,2.98014,16.2929,Cascade
57,18.77,Belgian,1250.0,2500.0,28.0,2.0,0.0,0.0,1.5124,0.3503,0.8869,,1.0,,0.4334,2.6581,0.9453,5.4853,0.3172,2.98014,16.2929,Castle
58,11.903,Belgian,1250.0,2500.0,28.0,2.0,0.0,0.0,1.5124,0.3503,0.8869,,1.0,,0.4334,2.6581,0.9453,5.4853,0.3172,2.98014,16.2929,Cn2
59,162.981,Belgian,1250.0,2500.0,28.0,2.0,0.0,0.0,1.5124,0.3503,0.8869,,1.0,,0.4334,2.6581,0.9453,5.4853,0.3172,2.98014,16.2929,Default
60,5.494,Belgian,1250.0,2500.0,28.0,2.0,0.0,0.0,1.5124,0.3503,0.8869,,1.0,,0.4334,2.6581,0.9453,5.4853,0.3172,2.98014,16.2929,Dipol92
61,8.698,Belgian,1250.0,2500.0,28.0,2.0,0.0,0.0,1.5124,0.3503,0.8869,,1.0,,0.4334,2.6581,0.9453,5.4853,0.3172,2.98014,16.2929,Discrim
62,27.011,Belgian,1250.0,2500.0,28.0,2.0,0.0,0.0,1.5124,0.3503,0.8869,,1.0,,0.4334,2.6581,0.9453,5.4853,0.3172,2.98014,16.2929,ITrule
63,12.819,Belgian,1250.0,2500.0,28.0,2.0,0.0,0.0,1.5124,0.3503,0.8869,,1.0,,0.4334,2.6581,0.9453,5.4853,0.3172,2.98014,16.2929,IndCART
64,24.264,Belgian,1250.0,2500.0,28.0,2.0,0.0,0.0,1.5124,0.3503,0.8869,,1.0,,0.4334,2.6581,0.9453,5.4853,0.3172,2.98014,16.2929,KNN
65,22.891,Belgian,1250.0,2500.0,28.0,2.0,0.0,0.0,1.5124,0.3503,0.8869,,1.0,,0.4334,2.6581,0.9453,5.4853,0.3172,2.98014,16.2929,Kohonen
66,21.975,Belgian,1250.0,2500.0,28.0,2.0,0.0,0.0,1.5124,0.3503,0.8869,,1.0,,0.4334,2.6581,0.9453,5.4853,0.3172,2.98014,16.2929,LVQ
67,0.458,Belgian,1250.0,2500.0,28.0,2.0,0.0,0.0,1.5124,0.3503,0.8869,,1.0,,0.4334,2.6581,0.9453,5.4853,0.3172,2.98014,16.2929,LogDisc
68,9.614,Belgian,1250.0,2500.0,28.0,2.0,0.0,0.0,1.5124,0.3503,0.8869,,1.0,,0.4334,2.6581,0.9453,5.4853,0.3172,2.98014,16.2929,NewId
69,21.059,Belgian,1250.0,2500.0,28.0,2.0,0.0,0.0,1.5124,0.3503,0.8869,,1.0,,0.4334,2.6581,0.9453,5.4853,0.3172,2.98014,16.2929,QuaDisc
70,12.819,Belgian,1250.0,2500.0,28.0,2.0,0.0,0.0,1.5124,0.3503,0.8869,,1.0,,0.4334,2.6581,0.9453,5.4853,0.3172,2.98014,16.2929,RBF
71,0.0,Belgian,1250.0,2500.0,28.0,2.0,0.0,0.0,1.5124,0.3503,0.8869,,1.0,,0.4334,2.6581,0.9453,5.4853,0.3172,2.98014,16.2929,Smart
72,13.84,CUT,7480.0,18700.0,20.0,2.0,0.0,0.0,1.032,0.2178,0.55,,1.0,,0.9012,3.5214,0.3256,4.6908,0.0292,160.644,159.644,Ac2
73,1.432,CUT,7480.0,18700.0,20.0,2.0,0.0,0.0,1.032,0.2178,0.55,,1.0,,0.9012,3.5214,0.3256,4.6908,0.0292,160.644,159.644,Alloc80
74,4.295,CUT,7480.0,18700.0,20.0,2.0,0.0,0.0,1.032,0.2178,0.55,,1.0,,0.9012,3.5214,0.3256,4.6908,0.0292,160.644,159.644,BackProp
75,20.521,CUT,7480.0,18700.0,20.0,2.0,0.0,0.0,1.032,0.2178,0.55,,1.0,,0.9012,3.5214,0.3256,4.6908,0.0292,160.644,159.644,Bayes
76,0.0,CUT,7480.0,18700.0,20.0,2.0,0.0,0.0,1.032,0.2178,0.55,,1.0,,0.9012,3.5214,0.3256,4.6908,0.0292,160.644,159.644,BayesTree
77,0.954,CUT,7480.0,18700.0,20.0,2.0,0.0,0.0,1.032,0.2178,0.55,,1.0,,0.9012,3.5214,0.3256,4.6908,0.0292,160.644,159.644,C4_5
78,460.999,CUT,7480.0,18700.0,20.0,2.0,0.0,0.0,1.032,0.2178,0.55,,1.0,,0.9012,3.5214,0.3256,4.6908,0.0292,160.644,159.644,CART
79,5.249,CUT,7480.0,18700.0,20.0,2.0,0.0,0.0,1.032,0.2178,0.55,,1.0,,0.9012,3.5214,0.3256,4.6908,0.0292,160.644,159.644,Cal5
80,460.999,CUT,7480.0,18700.0,20.0,2.0,0.0,0.0,1.032,0.2178,0.55,,1.0,,0.9012,3.5214,0.3256,4.6908,0.0292,160.644,159.644,Cascade
81,12.885,CUT,7480.0,18700.0,20.0,2.0,0.0,0.0,1.032,0.2178,0.55,,1.0,,0.9012,3.5214,0.3256,4.6908,0.0292,160.644,159.644,Castle
82,3.818,CUT,7480.0,18700.0,20.0,2.0,0.0,0.0,1.032,0.2178,0.55,,1.0,,0.9012,3.5214,0.3256,4.6908,0.0292,160.644,159.644,Cn2
83,12.408,CUT,7480.0,18700.0,20.0,2.0,0.0,0.0,1.032,0.2178,0.55,,1.0,,0.9012,3.5214,0.3256,4.6908,0.0292,160.644,159.644,Default
84,5.249,CUT,7480.0,18700.0,20.0,2.0,0.0,0.0,1.032,0.2178,0.55,,1.0,,0.9012,3.5214,0.3256,4.6908,0.0292,160.644,159.644,Dipol92
85,7.636,CUT,7480.0,18700.0,20.0,2.0,0.0,0.0,1.032,0.2178,0.55,,1.0,,0.9012,3.5214,0.3256,4.6908,0.0292,160.644,159.644,Discrim
86,22.907,CUT,7480.0,18700.0,20.0,2.0,0.0,0.0,1.032,0.2178,0.55,,1.0,,0.9012,3.5214,0.3256,4.6908,0.0292,160.644,159.644,ITrule
87,2.863,CUT,7480.0,18700.0,20.0,2.0,0.0,0.0,1.032,0.2178,0.55,,1.0,,0.9012,3.5214,0.3256,4.6908,0.0292,160.644,159.644,IndCART
88,0.954,CUT,7480.0,18700.0,20.0,2.0,0.0,0.0,1.032,0.2178,0.55,,1.0,,0.9012,3.5214,0.3256,4.6908,0.0292,160.644,159.644,KNN
89,7.636,CUT,7480.0,18700.0,20.0,2.0,0.0,0.0,1.032,0.2178,0.55,,1.0,,0.9012,3.5214,0.3256,4.6908,0.0292,160.644,159.644,Kohonen
90,3.341,CUT,7480.0,18700.0,20.0,2.0,0.0,0.0,1.032,0.2178,0.55,,1.0,,0.9012,3.5214,0.3256,4.6908,0.0292,160.644,159.644,LVQ
91,5.727,CUT,7480.0,18700.0,20.0,2.0,0.0,0.0,1.032,0.2178,0.55,,1.0,,0.9012,3.5214,0.3256,4.6908,0.0292,160.644,159.644,LogDisc
92,2.386,CUT,7480.0,18700.0,20.0,2.0,0.0,0.0,1.032,0.2178,0.55,,1.0,,0.9012,3.5214,0.3256,4.6908,0.0292,160.644,159.644,NewId
93,25.77,CUT,7480.0,18700.0,20.0,2.0,0.0,0.0,1.032,0.2178,0.55,,1.0,,0.9012,3.5214,0.3256,4.6908,0.0292,160.644,159.644,QuaDisc
94,4.772,CUT,7480.0,18700.0,20.0,2.0,0.0,0.0,1.032,0.2178,0.55,,1.0,,0.9012,3.5214,0.3256,4.6908,0.0292,160.644,159.644,RBF
95,6.204,CUT,7480.0,18700.0,20.0,2.0,0.0,0.0,1.032,0.2178,0.55,,1.0,,0.9012,3.5214,0.3256,4.6908,0.0292,160.644,159.644,Smart
96,76.475,Chromosone,20000.0,40000.0,16.0,24.0,0.0,0.0,1.3218,0.1885,0.9884,0.9191,0.1505,0.2807,0.42,4.4024,4.5603,5.6411,1.3149,3.46817,3.29014,Ac2
97,86.162,Chromosone,20000.0,40000.0,16.0,24.0,0.0,0.0,1.3218,0.1885,0.9884,0.9191,0.1505,0.2807,0.42,4.4024,4.5603,5.6411,1.3149,3.46817,3.29014,Alloc80
98,467.007,Chromosone,20000.0,40000.0,16.0,24.0,0.0,0.0,1.3218,0.1885,0.9884,0.9191,0.1505,0.2807,0.42,4.4024,4.5603,5.6411,1.3149,3.46817,3.29014,BackProp
99,122.36,Chromosone,20000.0,40000.0,16.0,24.0,0.0,0.0,1.3218,0.1885,0.9884,0.9191,0.1505,0.2807,0.42,4.4024,4.5603,5.6411,1.3149,3.46817,3.29014,Bayes
100,40.787,Chromosone,20000.0,40000.0,16.0,24.0,0.0,0.0,1.3218,0.1885,0.9884,0.9191,0.1505,0.2807,0.42,4.4024,4.5603,5.6411,1.3149,3.46817,3.29014,BayesTree
101,46.395,Chromosone,20000.0,40000.0,16.0,24.0,0.0,0.0,1.3218,0.1885,0.9884,0.9191,0.1505,0.2807,0.42,4.4024,4.5603,5.6411,1.3149,3.46817,3.29014,C4_5
102,467.007,Chromosone,20000.0,40000.0,16.0,24.0,0.0,0.0,1.3218,0.1885,0.9884,0.9191,0.1505,0.2807,0.42,4.4024,4.5603,5.6411,1.3149,3.46817,3.29014,CART
103,81.573,Chromosone,20000.0,40000.0,16.0,24.0,0.0,0.0,1.3218,0.1885,0.9884,0.9191,0.1505,0.2807,0.42,4.4024,4.5603,5.6411,1.3149,3.46817,3.29014,Cal5
104,467.007,Chromosone,20000.0,40000.0,16.0,24.0,0.0,0.0,1.3218,0.1885,0.9884,0.9191,0.1505,0.2807,0.42,4.4024,4.5603,5.6411,1.3149,3.46817,3.29014,Cascade
105,47.924,Chromosone,20000.0,40000.0,16.0,24.0,0.0,0.0,1.3218,0.1885,0.9884,0.9191,0.1505,0.2807,0.42,4.4024,4.5603,5.6411,1.3149,3.46817,3.29014,Castle
106,33.649,Chromosone,20000.0,40000.0,16.0,24.0,0.0,0.0,1.3218,0.1885,0.9884,0.9191,0.1505,0.2807,0.42,4.4024,4.5603,5.6411,1.3149,3.46817,3.29014,Cn2
107,446.613,Chromosone,20000.0,40000.0,16.0,24.0,0.0,0.0,1.3218,0.1885,0.9884,0.9191,0.1505,0.2807,0.42,4.4024,4.5603,5.6411,1.3149,3.46817,3.29014,Default
108,3.569,Chromosone,20000.0,40000.0,16.0,24.0,0.0,0.0,1.3218,0.1885,0.9884,0.9191,0.1505,0.2807,0.42,4.4024,4.5603,5.6411,1.3149,3.46817,3.29014,Dipol92
109,11.726,Chromosone,20000.0,40000.0,16.0,24.0,0.0,0.0,1.3218,0.1885,0.9884,0.9191,0.1505,0.2807,0.42,4.4024,4.5603,5.6411,1.3149,3.46817,3.29014,Discrim
110,312.527,Chromosone,20000.0,40000.0,16.0,24.0,0.0,0.0,1.3218,0.1885,0.9884,0.9191,0.1505,0.2807,0.42,4.4024,4.5603,5.6411,1.3149,3.46817,3.29014,ITrule
111,45.375,Chromosone,20000.0,40000.0,16.0,24.0,0.0,0.0,1.3218,0.1885,0.9884,0.9191,0.1505,0.2807,0.42,4.4024,4.5603,5.6411,1.3149,3.46817,3.29014,IndCART
112,19.883,Chromosone,20000.0,40000.0,16.0,24.0,0.0,0.0,1.3218,0.1885,0.9884,0.9191,0.1505,0.2807,0.42,4.4024,4.5603,5.6411,1.3149,3.46817,3.29014,KNN
113,45.885,Chromosone,20000.0,40000.0,16.0,24.0,0.0,0.0,1.3218,0.1885,0.9884,0.9191,0.1505,0.2807,0.42,4.4024,4.5603,5.6411,1.3149,3.46817,3.29014,Kohonen
114,18.864,Chromosone,20000.0,40000.0,16.0,24.0,0.0,0.0,1.3218,0.1885,0.9884,0.9191,0.1505,0.2807,0.42,4.4024,4.5603,5.6411,1.3149,3.46817,3.29014,LVQ
115,23.962,Chromosone,20000.0,40000.0,16.0,24.0,0.0,0.0,1.3218,0.1885,0.9884,0.9191,0.1505,0.2807,0.42,4.4024,4.5603,5.6411,1.3149,3.46817,3.29014,LogDisc
116,46.905,Chromosone,20000.0,40000.0,16.0,24.0,0.0,0.0,1.3218,0.1885,0.9884,0.9191,0.1505,0.2807,0.42,4.4024,4.5603,5.6411,1.3149,3.46817,3.29014,NewId
117,0.0,Chromosone,20000.0,40000.0,16.0,24.0,0.0,0.0,1.3218,0.1885,0.9884,0.9191,0.1505,0.2807,0.42,4.4024,4.5603,5.6411,1.3149,3.46817,3.29014,QuaDisc
118,22.942,Chromosone,20000.0,40000.0,16.0,24.0,0.0,0.0,1.3218,0.1885,0.9884,0.9191,0.1505,0.2807,0.42,4.4024,4.5603,5.6411,1.3149,3.46817,3.29014,RBF
119,22.433,Chromosone,20000.0,40000.0,16.0,24.0,0.0,0.0,1.3218,0.1885,0.9884,0.9191,0.1505,0.2807,0.42,4.4024,4.5603,5.6411,1.3149,3.46817,3.29014,Smart
120,9.523,Credit,2670.0,8900.0,16.0,2.0,8.0,0.0,1.0273,0.0825,0.7618,,1.0,,1.2082,4.4046,1.0,1.77,0.641,1.56006,1.76131,Ac2
121,17.142,Credit,2670.0,8900.0,16.0,2.0,8.0,0.0,1.0273,0.0825,0.7618,,1.0,,1.2082,4.4046,1.0,1.77,0.641,1.56006,1.76131,Alloc80
122,9.714,Credit,2670.0,8900.0,16.0,2.0,8.0,0.0,1.0273,0.0825,0.7618,,1.0,,1.2082,4.4046,1.0,1.77,0.641,1.56006,1.76131,BackProp
123,14.475,Credit,2670.0,8900.0,16.0,2.0,8.0,0.0,1.0273,0.0825,0.7618,,1.0,,1.2082,4.4046,1.0,1.77,0.641,1.56006,1.76131,Bayes
124,8.38,Credit,2670.0,8900.0,16.0,2.0,8.0,0.0,1.0273,0.0825,0.7618,,1.0,,1.2082,4.4046,1.0,1.77,0.641,1.56006,1.76131,BayesTree
125,0.0,Credit,2670.0,8900.0,16.0,2.0,8.0,0.0,1.0273,0.0825,0.7618,,1.0,,1.2082,4.4046,1.0,1.77,0.641,1.56006,1.76131,C4_5
126,9.523,Credit,2670.0,8900.0,16.0,2.0,8.0,0.0,1.0273,0.0825,0.7618,,1.0,,1.2082,4.4046,1.0,1.77,0.641,1.56006,1.76131,CART
127,0.762,Credit,2670.0,8900.0,16.0,2.0,8.0,0.0,1.0273,0.0825,0.7618,,1.0,,1.2082,4.4046,1.0,1.77,0.641,1.56006,1.76131,Cal5
128,14.666,Credit,2670.0,8900.0,16.0,2.0,8.0,0.0,1.0273,0.0825,0.7618,,1.0,,1.2082,4.4046,1.0,1.77,0.641,1.56006,1.76131,Cascade
129,7.428,Credit,2670.0,8900.0,16.0,2.0,8.0,0.0,1.0273,0.0825,0.7618,,1.0,,1.2082,4.4046,1.0,1.77,0.641,1.56006,1.76131,Castle
130,10.095,Credit,2670.0,8900.0,16.0,2.0,8.0,0.0,1.0273,0.0825,0.7618,,1.0,,1.2082,4.4046,1.0,1.77,0.641,1.56006,1.76131,Cn2
131,79.805,Credit,2670.0,8900.0,16.0,2.0,8.0,0.0,1.0273,0.0825,0.7618,,1.0,,1.2082,4.4046,1.0,1.77,0.641,1.56006,1.76131,Default
132,9.333,Credit,2670.0,8900.0,16.0,2.0,8.0,0.0,1.0273,0.0825,0.7618,,1.0,,1.2082,4.4046,1.0,1.77,0.641,1.56006,1.76131,Dipol92
133,9.523,Credit,2670.0,8900.0,16.0,2.0,8.0,0.0,1.0273,0.0825,0.7618,,1.0,,1.2082,4.4046,1.0,1.77,0.641,1.56006,1.76131,Discrim
134,16.761,Credit,2670.0,8900.0,16.0,2.0,8.0,0.0,1.0273,0.0825,0.7618,,1.0,,1.2082,4.4046,1.0,1.77,0.641,1.56006,1.76131,ITrule
135,0.0,Credit,2670.0,8900.0,16.0,2.0,8.0,0.0,1.0273,0.0825,0.7618,,1.0,,1.2082,4.4046,1.0,1.77,0.641,1.56006,1.76131,IndCART
136,21.713,Credit,2670.0,8900.0,16.0,2.0,8.0,0.0,1.0273,0.0825,0.7618,,1.0,,1.2082,4.4046,1.0,1.77,0.641,1.56006,1.76131,KNN
137,20.951,Credit,2670.0,8900.0,16.0,2.0,8.0,0.0,1.0273,0.0825,0.7618,,1.0,,1.2082,4.4046,1.0,1.77,0.641,1.56006,1.76131,Kohonen
138,16.19,Credit,2670.0,8900.0,16.0,2.0,8.0,0.0,1.0273,0.0825,0.7618,,1.0,,1.2082,4.4046,1.0,1.77,0.641,1.56006,1.76131,LVQ
139,9.714,Credit,2670.0,8900.0,16.0,2.0,8.0,0.0,1.0273,0.0825,0.7618,,1.0,,1.2082,4.4046,1.0,1.77,0.641,1.56006,1.76131,LogDisc
140,9.523,Credit,2670.0,8900.0,16.0,2.0,8.0,0.0,1.0273,0.0825,0.7618,,1.0,,1.2082,4.4046,1.0,1.77,0.641,1.56006,1.76131,NewId
141,11.428,Credit,2670.0,8900.0,16.0,2.0,8.0,0.0,1.0273,0.0825,0.7618,,1.0,,1.2082,4.4046,1.0,1.77,0.641,1.56006,1.76131,QuaDisc
142,9.523,Credit,2670.0,8900.0,16.0,2.0,8.0,0.0,1.0273,0.0825,0.7618,,1.0,,1.2082,4.4046,1.0,1.77,0.641,1.56006,1.76131,RBF
143,5.524,Credit,2670.0,8900.0,16.0,2.0,8.0,0.0,1.0273,0.0825,0.7618,,1.0,,1.2082,4.4046,1.0,1.77,0.641,1.56006,1.76131,Smart
144,10.247,DNA,1186.0,3186.0,180.0,3.0,0.0,0.0,1.5407,0.0456,0.8729,0.83,0.5252,1.0,2.5582,29.5674,1.4725,0.8072,0.0218,67.5459,36.0275,Ac2
145,2.779,DNA,1186.0,3186.0,180.0,3.0,0.0,0.0,1.5407,0.0456,0.8729,0.83,0.5252,1.0,2.5582,29.5674,1.4725,0.8072,0.0218,67.5459,36.0275,Alloc80
146,8.163,DNA,1186.0,3186.0,180.0,3.0,0.0,0.0,1.5407,0.0456,0.8729,0.83,0.5252,1.0,2.5582,29.5674,1.4725,0.8072,0.0218,67.5459,36.0275,BackProp
147,4.689,DNA,1186.0,3186.0,180.0,3.0,0.0,0.0,1.5407,0.0456,0.8729,0.83,0.5252,1.0,2.5582,29.5674,1.4725,0.8072,0.0218,67.5459,36.0275,Bayes
148,9.379,DNA,1186.0,3186.0,180.0,3.0,0.0,0.0,1.5407,0.0456,0.8729,0.83,0.5252,1.0,2.5582,29.5674,1.4725,0.8072,0.0218,67.5459,36.0275,BayesTree
149,6.079,DNA,1186.0,3186.0,180.0,3.0,0.0,0.0,1.5407,0.0456,0.8729,0.83,0.5252,1.0,2.5582,29.5674,1.4725,0.8072,0.0218,67.5459,36.0275,C4_5
150,7.642,DNA,1186.0,3186.0,180.0,3.0,0.0,0.0,1.5407,0.0456,0.8729,0.83,0.5252,1.0,2.5582,29.5674,1.4725,0.8072,0.0218,67.5459,36.0275,CART
151,15.631,DNA,1186.0,3186.0,180.0,3.0,0.0,0.0,1.5407,0.0456,0.8729,0.83,0.5252,1.0,2.5582,29.5674,1.4725,0.8072,0.0218,67.5459,36.0275,Cal5
152,166.556,DNA,1186.0,3186.0,180.0,3.0,0.0,0.0,1.5407,0.0456,0.8729,0.83,0.5252,1.0,2.5582,29.5674,1.4725,0.8072,0.0218,67.5459,36.0275,Cascade
153,5.384,DNA,1186.0,3186.0,180.0,3.0,0.0,0.0,1.5407,0.0456,0.8729,0.83,0.5252,1.0,2.5582,29.5674,1.4725,0.8072,0.0218,67.5459,36.0275,Castle
154,9.379,DNA,1186.0,3186.0,180.0,3.0,0.0,0.0,1.5407,0.0456,0.8729,0.83,0.5252,1.0,2.5582,29.5674,1.4725,0.8072,0.0218,67.5459,36.0275,Cn2
155,76.244,DNA,1186.0,3186.0,180.0,3.0,0.0,0.0,1.5407,0.0456,0.8729,0.83,0.5252,1.0,2.5582,29.5674,1.4725,0.8072,0.0218,67.5459,36.0275,Default
156,1.216,DNA,1186.0,3186.0,180.0,3.0,0.0,0.0,1.5407,0.0456,0.8729,0.83,0.5252,1.0,2.5582,29.5674,1.4725,0.8072,0.0218,67.5459,36.0275,Dipol92
157,3.126,DNA,1186.0,3186.0,180.0,3.0,0.0,0.0,1.5407,0.0456,0.8729,0.83,0.5252,1.0,2.5582,29.5674,1.4725,0.8072,0.0218,67.5459,36.0275,Discrim
158,16.326,DNA,1186.0,3186.0,180.0,3.0,0.0,0.0,1.5407,0.0456,0.8729,0.83,0.5252,1.0,2.5582,29.5674,1.4725,0.8072,0.0218,67.5459,36.0275,ITrule
159,5.558,DNA,1186.0,3186.0,180.0,3.0,0.0,0.0,1.5407,0.0456,0.8729,0.83,0.5252,1.0,2.5582,29.5674,1.4725,0.8072,0.0218,67.5459,36.0275,IndCART
160,19.799,DNA,1186.0,3186.0,180.0,3.0,0.0,0.0,1.5407,0.0456,0.8729,0.83,0.5252,1.0,2.5582,29.5674,1.4725,0.8072,0.0218,67.5459,36.0275,KNN
161,51.756,DNA,1186.0,3186.0,180.0,3.0,0.0,0.0,1.5407,0.0456,0.8729,0.83,0.5252,1.0,2.5582,29.5674,1.4725,0.8072,0.0218,67.5459,36.0275,Kohonen
162,166.556,DNA,1186.0,3186.0,180.0,3.0,0.0,0.0,1.5407,0.0456,0.8729,0.83,0.5252,1.0,2.5582,29.5674,1.4725,0.8072,0.0218,67.5459,36.0275,LVQ
163,3.474,DNA,1186.0,3186.0,180.0,3.0,0.0,0.0,1.5407,0.0456,0.8729,0.83,0.5252,1.0,2.5582,29.5674,1.4725,0.8072,0.0218,67.5459,36.0275,LogDisc
164,10.247,DNA,1186.0,3186.0,180.0,3.0,0.0,0.0,1.5407,0.0456,0.8729,0.83,0.5252,1.0,2.5582,29.5674,1.4725,0.8072,0.0218,67.5459,36.0275,NewId
165,3.126,DNA,1186.0,3186.0,180.0,3.0,0.0,0.0,1.5407,0.0456,0.8729,0.83,0.5252,1.0,2.5582,29.5674,1.4725,0.8072,0.0218,67.5459,36.0275,QuaDisc
166,0.0,DNA,1186.0,3186.0,180.0,3.0,0.0,0.0,1.5407,0.0456,0.8729,0.83,0.5252,1.0,2.5582,29.5674,1.4725,0.8072,0.0218,67.5459,36.0275,RBF
167,17.368,DNA,1186.0,3186.0,180.0,3.0,0.0,0.0,1.5407,0.0456,0.8729,0.83,0.5252,1.0,2.5582,29.5674,1.4725,0.8072,0.0218,67.5459,36.0275,Smart
168,3.529,Diabetes,768.0,768.0,8.0,2.0,0.0,0.0,1.0377,0.1439,0.5507,,1.0,,1.0586,5.827,0.9331,4.5301,0.112,8.33125,39.4473,Ac2
169,5.193,Diabetes,768.0,768.0,8.0,2.0,0.0,0.0,1.0377,0.1439,0.5507,,1.0,,1.0586,5.827,0.9331,4.5301,0.112,8.33125,39.4473,Alloc80
170,1.664,Diabetes,768.0,768.0,8.0,2.0,0.0,0.0,1.0377,0.1439,0.5507,,1.0,,1.0586,5.827,0.9331,4.5301,0.112,8.33125,39.4473,BackProp
171,2.596,Diabetes,768.0,768.0,8.0,2.0,0.0,0.0,1.0377,0.1439,0.5507,,1.0,,1.0586,5.827,0.9331,4.5301,0.112,8.33125,39.4473,Bayes
172,3.196,Diabetes,768.0,768.0,8.0,2.0,0.0,0.0,1.0377,0.1439,0.5507,,1.0,,1.0586,5.827,0.9331,4.5301,0.112,8.33125,39.4473,BayesTree
173,3.129,Diabetes,768.0,768.0,8.0,2.0,0.0,0.0,1.0377,0.1439,0.5507,,1.0,,1.0586,5.827,0.9331,4.5301,0.112,8.33125,39.4473,C4_5
174,2.13,Diabetes,768.0,768.0,8.0,2.0,0.0,0.0,1.0377,0.1439,0.5507,,1.0,,1.0586,5.827,0.9331,4.5301,0.112,8.33125,39.4473,CART
175,1.798,Diabetes,768.0,768.0,8.0,2.0,0.0,0.0,1.0377,0.1439,0.5507,,1.0,,1.0586,5.827,0.9331,4.5301,0.112,8.33125,39.4473,Cal5
176,51.73,Diabetes,768.0,768.0,8.0,2.0,0.0,0.0,1.0377,0.1439,0.5507,,1.0,,1.0586,5.827,0.9331,4.5301,0.112,8.33125,39.4473,Cascade
177,2.33,Diabetes,768.0,768.0,8.0,2.0,0.0,0.0,1.0377,0.1439,0.5507,,1.0,,1.0586,5.827,0.9331,4.5301,0.112,8.33125,39.4473,Castle
178,4.394,Diabetes,768.0,768.0,8.0,2.0,0.0,0.0,1.0377,0.1439,0.5507,,1.0,,1.0586,5.827,0.9331,4.5301,0.112,8.33125,39.4473,Cn2
179,8.455,Diabetes,768.0,768.0,8.0,2.0,0.0,0.0,1.0377,0.1439,0.5507,,1.0,,1.0586,5.827,0.9331,4.5301,0.112,8.33125,39.4473,Default
180,0.067,Diabetes,768.0,768.0,8.0,2.0,0.0,0.0,1.0377,0.1439,0.5507,,1.0,,1.0586,5.827,0.9331,4.5301,0.112,8.33125,39.4473,Dipol92
181,0.133,Diabetes,768.0,768.0,8.0,2.0,0.0,0.0,1.0377,0.1439,0.5507,,1.0,,1.0586,5.827,0.9331,4.5301,0.112,8.33125,39.4473,Discrim
182,1.465,Diabetes,768.0,768.0,8.0,2.0,0.0,0.0,1.0377,0.1439,0.5507,,1.0,,1.0586,5.827,0.9331,4.5301,0.112,8.33125,39.4473,ITrule
183,3.196,Diabetes,768.0,768.0,8.0,2.0,0.0,0.0,1.0377,0.1439,0.5507,,1.0,,1.0586,5.827,0.9331,4.5301,0.112,8.33125,39.4473,IndCART
184,6.724,Diabetes,768.0,768.0,8.0,2.0,0.0,0.0,1.0377,0.1439,0.5507,,1.0,,1.0586,5.827,0.9331,4.5301,0.112,8.33125,39.4473,KNN
185,3.329,Diabetes,768.0,768.0,8.0,2.0,0.0,0.0,1.0377,0.1439,0.5507,,1.0,,1.0586,5.827,0.9331,4.5301,0.112,8.33125,39.4473,Kohonen
186,3.262,Diabetes,768.0,768.0,8.0,2.0,0.0,0.0,1.0377,0.1439,0.5507,,1.0,,1.0586,5.827,0.9331,4.5301,0.112,8.33125,39.4473,LVQ
187,0.0,Diabetes,768.0,768.0,8.0,2.0,0.0,0.0,1.0377,0.1439,0.5507,,1.0,,1.0586,5.827,0.9331,4.5301,0.112,8.33125,39.4473,LogDisc
188,4.394,Diabetes,768.0,768.0,8.0,2.0,0.0,0.0,1.0377,0.1439,0.5507,,1.0,,1.0586,5.827,0.9331,4.5301,0.112,8.33125,39.4473,NewId
189,2.596,Diabetes,768.0,768.0,8.0,2.0,0.0,0.0,1.0377,0.1439,0.5507,,1.0,,1.0586,5.827,0.9331,4.5301,0.112,8.33125,39.4473,QuaDisc
190,1.332,Diabetes,768.0,768.0,8.0,2.0,0.0,0.0,1.0377,0.1439,0.5507,,1.0,,1.0586,5.827,0.9331,4.5301,0.112,8.33125,39.4473,RBF
191,0.599,Diabetes,768.0,768.0,8.0,2.0,0.0,0.0,1.0377,0.1439,0.5507,,1.0,,1.0586,5.827,0.9331,4.5301,0.112,8.33125,39.4473,Smart
192,48.412,Digits,9000.0,18000.0,16.0,10.0,0.0,0.0,1.5673,0.2119,0.8929,0.8902,0.2031,0.4049,0.8562,5.1256,3.3219,6.5452,0.5049,6.57932,11.9634,Ac2
193,9.413,Digits,9000.0,18000.0,16.0,10.0,0.0,0.0,1.5673,0.2119,0.8929,0.8902,0.2031,0.4049,0.8562,5.1256,3.3219,6.5452,0.5049,6.57932,11.9634,Alloc80
194,14.792,Digits,9000.0,18000.0,16.0,10.0,0.0,0.0,1.5673,0.2119,0.8929,0.8902,0.2031,0.4049,0.8562,5.1256,3.3219,6.5452,0.5049,6.57932,11.9634,BackProp
195,83.376,Digits,9000.0,18000.0,16.0,10.0,0.0,0.0,1.5673,0.2119,0.8929,0.8902,0.2031,0.4049,0.8562,5.1256,3.3219,6.5452,0.5049,6.57932,11.9634,Bayes
196,41.688,Digits,9000.0,18000.0,16.0,10.0,0.0,0.0,1.5673,0.2119,0.8929,0.8902,0.2031,0.4049,0.8562,5.1256,3.3219,6.5452,0.5049,6.57932,11.9634,BayesTree
197,45.722,Digits,9000.0,18000.0,16.0,10.0,0.0,0.0,1.5673,0.2119,0.8929,0.8902,0.2031,0.4049,0.8562,5.1256,3.3219,6.5452,0.5049,6.57932,11.9634,C4_5
198,50.653,Digits,9000.0,18000.0,16.0,10.0,0.0,0.0,1.5673,0.2119,0.8929,0.8902,0.2031,0.4049,0.8562,5.1256,3.3219,6.5452,0.5049,6.57932,11.9634,CART
199,77.548,Digits,9000.0,18000.0,16.0,10.0,0.0,0.0,1.5673,0.2119,0.8929,0.8902,0.2031,0.4049,0.8562,5.1256,3.3219,6.5452,0.5049,6.57932,11.9634,Cal5
200,8.069,Digits,9000.0,18000.0,16.0,10.0,0.0,0.0,1.5673,0.2119,0.8929,0.8902,0.2031,0.4049,0.8562,5.1256,3.3219,6.5452,0.5049,6.57932,11.9634,Cascade
201,55.135,Digits,9000.0,18000.0,16.0,10.0,0.0,0.0,1.5673,0.2119,0.8929,0.8902,0.2031,0.4049,0.8562,5.1256,3.3219,6.5452,0.5049,6.57932,11.9634,Castle
202,38.998,Digits,9000.0,18000.0,16.0,10.0,0.0,0.0,1.5673,0.2119,0.8929,0.8902,0.2031,0.4049,0.8562,5.1256,3.3219,6.5452,0.5049,6.57932,11.9634,Cn2
203,382.362,Digits,9000.0,18000.0,16.0,10.0,0.0,0.0,1.5673,0.2119,0.8929,0.8902,0.2031,0.4049,0.8562,5.1256,3.3219,6.5452,0.5049,6.57932,11.9634,Default
204,11.206,Digits,9000.0,18000.0,16.0,10.0,0.0,0.0,1.5673,0.2119,0.8929,0.8902,0.2031,0.4049,0.8562,5.1256,3.3219,6.5452,0.5049,6.57932,11.9634,Dipol92
205,30.033,Digits,9000.0,18000.0,16.0,10.0,0.0,0.0,1.5673,0.2119,0.8929,0.8902,0.2031,0.4049,0.8562,5.1256,3.3219,6.5452,0.5049,6.57932,11.9634,Discrim
206,78.445,Digits,9000.0,18000.0,16.0,10.0,0.0,0.0,1.5673,0.2119,0.8929,0.8902,0.2031,0.4049,0.8562,5.1256,3.3219,6.5452,0.5049,6.57932,11.9634,ITrule
207,47.963,Digits,9000.0,18000.0,16.0,10.0,0.0,0.0,1.5673,0.2119,0.8929,0.8902,0.2031,0.4049,0.8562,5.1256,3.3219,6.5452,0.5049,6.57932,11.9634,IndCART
208,0.0,Digits,9000.0,18000.0,16.0,10.0,0.0,0.0,1.5673,0.2119,0.8929,0.8902,0.2031,0.4049,0.8562,5.1256,3.3219,6.5452,0.5049,6.57932,11.9634,KNN
209,12.551,Digits,9000.0,18000.0,16.0,10.0,0.0,0.0,1.5673,0.2119,0.8929,0.8902,0.2031,0.4049,0.8562,5.1256,3.3219,6.5452,0.5049,6.57932,11.9634,Kohonen
210,6.276,Digits,9000.0,18000.0,16.0,10.0,0.0,0.0,1.5673,0.2119,0.8929,0.8902,0.2031,0.4049,0.8562,5.1256,3.3219,6.5452,0.5049,6.57932,11.9634,LVQ
211,17.482,Digits,9000.0,18000.0,16.0,10.0,0.0,0.0,1.5673,0.2119,0.8929,0.8902,0.2031,0.4049,0.8562,5.1256,3.3219,6.5452,0.5049,6.57932,11.9634,LogDisc
212,46.17,Digits,9000.0,18000.0,16.0,10.0,0.0,0.0,1.5673,0.2119,0.8929,0.8902,0.2031,0.4049,0.8562,5.1256,3.3219,6.5452,0.5049,6.57932,11.9634,NewId
213,3.138,Digits,9000.0,18000.0,16.0,10.0,0.0,0.0,1.5673,0.2119,0.8929,0.8902,0.2031,0.4049,0.8562,5.1256,3.3219,6.5452,0.5049,6.57932,11.9634,QuaDisc
214,16.137,Digits,9000.0,18000.0,16.0,10.0,0.0,0.0,1.5673,0.2119,0.8929,0.8902,0.2031,0.4049,0.8562,5.1256,3.3219,6.5452,0.5049,6.57932,11.9634,RBF
215,25.551,Digits,9000.0,18000.0,16.0,10.0,0.0,0.0,1.5673,0.2119,0.8929,0.8902,0.2031,0.4049,0.8562,5.1256,3.3219,6.5452,0.5049,6.57932,11.9634,Smart
216,0.0,Faults,570.0,570.0,45.0,3.0,43.0,0.0,1.191,0.751,0.8842,0.3002,0.8966,1.0,1.8972,0.9866,1.5749,0.8717,0.0366,43.0301,22.8169,Ac2
217,10.391,Faults,570.0,570.0,45.0,3.0,43.0,0.0,1.191,0.751,0.8842,0.3002,0.8966,1.0,1.8972,0.9866,1.5749,0.8717,0.0366,43.0301,22.8169,Alloc80
218,3.401,Faults,570.0,570.0,45.0,3.0,43.0,0.0,1.191,0.751,0.8842,0.3002,0.8966,1.0,1.8972,0.9866,1.5749,0.8717,0.0366,43.0301,22.8169,BackProp
219,6.298,Faults,570.0,570.0,45.0,3.0,43.0,0.0,1.191,0.751,0.8842,0.3002,0.8966,1.0,1.8972,0.9866,1.5749,0.8717,0.0366,43.0301,22.8169,Bayes
220,6.864,Faults,570.0,570.0,45.0,3.0,43.0,0.0,1.191,0.751,0.8842,0.3002,0.8966,1.0,1.8972,0.9866,1.5749,0.8717,0.0366,43.0301,22.8169,BayesTree
221,8.25,Faults,570.0,570.0,45.0,3.0,43.0,0.0,1.191,0.751,0.8842,0.3002,0.8966,1.0,1.8972,0.9866,1.5749,0.8717,0.0366,43.0301,22.8169,C4_5
222,9.068,Faults,570.0,570.0,45.0,3.0,43.0,0.0,1.191,0.751,0.8842,0.3002,0.8966,1.0,1.8972,0.9866,1.5749,0.8717,0.0366,43.0301,22.8169,CART
223,7.746,Faults,570.0,570.0,45.0,3.0,43.0,0.0,1.191,0.751,0.8842,0.3002,0.8966,1.0,1.8972,0.9866,1.5749,0.8717,0.0366,43.0301,22.8169,Cal5
224,52.018,Faults,570.0,570.0,45.0,3.0,43.0,0.0,1.191,0.751,0.8842,0.3002,0.8966,1.0,1.8972,0.9866,1.5749,0.8717,0.0366,43.0301,22.8169,Cascade
225,9.068,Faults,570.0,570.0,45.0,3.0,43.0,0.0,1.191,0.751,0.8842,0.3002,0.8966,1.0,1.8972,0.9866,1.5749,0.8717,0.0366,43.0301,22.8169,Castle
226,11.336,Faults,570.0,570.0,45.0,3.0,43.0,0.0,1.191,0.751,0.8842,0.3002,0.8966,1.0,1.8972,0.9866,1.5749,0.8717,0.0366,43.0301,22.8169,Cn2
227,27.457,Faults,570.0,570.0,45.0,3.0,43.0,0.0,1.191,0.751,0.8842,0.3002,0.8966,1.0,1.8972,0.9866,1.5749,0.8717,0.0366,43.0301,22.8169,Default
228,1.071,Faults,570.0,570.0,45.0,3.0,43.0,0.0,1.191,0.751,0.8842,0.3002,0.8966,1.0,1.8972,0.9866,1.5749,0.8717,0.0366,43.0301,22.8169,Dipol92
229,1.889,Faults,570.0,570.0,45.0,3.0,43.0,0.0,1.191,0.751,0.8842,0.3002,0.8966,1.0,1.8972,0.9866,1.5749,0.8717,0.0366,43.0301,22.8169,Discrim
230,9.824,Faults,570.0,570.0,45.0,3.0,43.0,0.0,1.191,0.751,0.8842,0.3002,0.8966,1.0,1.8972,0.9866,1.5749,0.8717,0.0366,43.0301,22.8169,ITrule
231,10.139,Faults,570.0,570.0,45.0,3.0,43.0,0.0,1.191,0.751,0.8842,0.3002,0.8966,1.0,1.8972,0.9866,1.5749,0.8717,0.0366,43.0301,22.8169,IndCART
232,12.658,Faults,570.0,570.0,45.0,3.0,43.0,0.0,1.191,0.751,0.8842,0.3002,0.8966,1.0,1.8972,0.9866,1.5749,0.8717,0.0366,43.0301,22.8169,KNN
233,18.767,Faults,570.0,570.0,45.0,3.0,43.0,0.0,1.191,0.751,0.8842,0.3002,0.8966,1.0,1.8972,0.9866,1.5749,0.8717,0.0366,43.0301,22.8169,Kohonen
234,17.003,Faults,570.0,570.0,45.0,3.0,43.0,0.0,1.191,0.751,0.8842,0.3002,0.8966,1.0,1.8972,0.9866,1.5749,0.8717,0.0366,43.0301,22.8169,LVQ
235,2.96,Faults,570.0,570.0,45.0,3.0,43.0,0.0,1.191,0.751,0.8842,0.3002,0.8966,1.0,1.8972,0.9866,1.5749,0.8717,0.0366,43.0301,22.8169,LogDisc
236,8.187,Faults,570.0,570.0,45.0,3.0,43.0,0.0,1.191,0.751,0.8842,0.3002,0.8966,1.0,1.8972,0.9866,1.5749,0.8717,0.0366,43.0301,22.8169,NewId
237,7.494,Faults,570.0,570.0,45.0,3.0,43.0,0.0,1.191,0.751,0.8842,0.3002,0.8966,1.0,1.8972,0.9866,1.5749,0.8717,0.0366,43.0301,22.8169,QuaDisc
238,9.194,Faults,570.0,570.0,45.0,3.0,43.0,0.0,1.191,0.751,0.8842,0.3002,0.8966,1.0,1.8972,0.9866,1.5749,0.8717,0.0366,43.0301,22.8169,RBF
239,10.391,Faults,570.0,570.0,45.0,3.0,43.0,0.0,1.191,0.751,0.8842,0.3002,0.8966,1.0,1.8972,0.9866,1.5749,0.8717,0.0366,43.0301,22.8169,Smart
240,10.489,German_Credit,1000.0,1000.0,24.0,2.0,9.0,1.0,1.0369,0.0848,0.5044,,1.0,,1.6986,7.7943,0.8813,1.5031,0.0187,47.1283,79.3797,Ac2
241,1.498,German_Credit,1000.0,1000.0,24.0,2.0,9.0,1.0,1.0369,0.0848,0.5044,,1.0,,1.6986,7.7943,0.8813,1.5031,0.0187,47.1283,79.3797,Alloc80
242,7.248,German_Credit,1000.0,1000.0,24.0,2.0,9.0,1.0,1.0369,0.0848,0.5044,,1.0,,1.6986,7.7943,0.8813,1.5031,0.0187,47.1283,79.3797,BackProp
243,5.138,German_Credit,1000.0,1000.0,24.0,2.0,9.0,1.0,1.0369,0.0848,0.5044,,1.0,,1.6986,7.7943,0.8813,1.5031,0.0187,47.1283,79.3797,Bayes
244,7.431,German_Credit,1000.0,1000.0,24.0,2.0,9.0,1.0,1.0369,0.0848,0.5044,,1.0,,1.6986,7.7943,0.8813,1.5031,0.0187,47.1283,79.3797,BayesTree
245,13.761,German_Credit,1000.0,1000.0,24.0,2.0,9.0,1.0,1.0369,0.0848,0.5044,,1.0,,1.6986,7.7943,0.8813,1.5031,0.0187,47.1283,79.3797,C4_5
246,2.385,German_Credit,1000.0,1000.0,24.0,2.0,9.0,1.0,1.0369,0.0848,0.5044,,1.0,,1.6986,7.7943,0.8813,1.5031,0.0187,47.1283,79.3797,CART
247,2.08,German_Credit,1000.0,1000.0,24.0,2.0,9.0,1.0,1.0369,0.0848,0.5044,,1.0,,1.6986,7.7943,0.8813,1.5031,0.0187,47.1283,79.3797,Cal5
248,3041.74,German_Credit,1000.0,1000.0,24.0,2.0,9.0,1.0,1.0369,0.0848,0.5044,,1.0,,1.6986,7.7943,0.8813,1.5031,0.0187,47.1283,79.3797,Cascade
249,1.468,German_Credit,1000.0,1000.0,24.0,2.0,9.0,1.0,1.0369,0.0848,0.5044,,1.0,,1.6986,7.7943,0.8813,1.5031,0.0187,47.1283,79.3797,Castle
250,9.817,German_Credit,1000.0,1000.0,24.0,2.0,9.0,1.0,1.0369,0.0848,0.5044,,1.0,,1.6986,7.7943,0.8813,1.5031,0.0187,47.1283,79.3797,Cn2
251,5.046,German_Credit,1000.0,1000.0,24.0,2.0,9.0,1.0,1.0369,0.0848,0.5044,,1.0,,1.6986,7.7943,0.8813,1.5031,0.0187,47.1283,79.3797,Default
252,1.957,German_Credit,1000.0,1000.0,24.0,2.0,9.0,1.0,1.0369,0.0848,0.5044,,1.0,,1.6986,7.7943,0.8813,1.5031,0.0187,47.1283,79.3797,Dipol92
253,0.0,German_Credit,1000.0,1000.0,24.0,2.0,9.0,1.0,1.0369,0.0848,0.5044,,1.0,,1.6986,7.7943,0.8813,1.5031,0.0187,47.1283,79.3797,Discrim
254,10.52,German_Credit,1000.0,1000.0,24.0,2.0,9.0,1.0,1.0369,0.0848,0.5044,,1.0,,1.6986,7.7943,0.8813,1.5031,0.0187,47.1283,79.3797,ITrule
255,6.911,German_Credit,1000.0,1000.0,24.0,2.0,9.0,1.0,1.0369,0.0848,0.5044,,1.0,,1.6986,7.7943,0.8813,1.5031,0.0187,47.1283,79.3797,IndCART
256,4.862,German_Credit,1000.0,1000.0,24.0,2.0,9.0,1.0,1.0369,0.0848,0.5044,,1.0,,1.6986,7.7943,0.8813,1.5031,0.0187,47.1283,79.3797,KNN
257,19.113,German_Credit,1000.0,1000.0,24.0,2.0,9.0,1.0,1.0369,0.0848,0.5044,,1.0,,1.6986,7.7943,0.8813,1.5031,0.0187,47.1283,79.3797,Kohonen
258,13.089,German_Credit,1000.0,1000.0,24.0,2.0,9.0,1.0,1.0369,0.0848,0.5044,,1.0,,1.6986,7.7943,0.8813,1.5031,0.0187,47.1283,79.3797,LVQ
259,0.092,German_Credit,1000.0,1000.0,24.0,2.0,9.0,1.0,1.0369,0.0848,0.5044,,1.0,,1.6986,7.7943,0.8813,1.5031,0.0187,47.1283,79.3797,LogDisc
260,11.927,German_Credit,1000.0,1000.0,24.0,2.0,9.0,1.0,1.0369,0.0848,0.5044,,1.0,,1.6986,7.7943,0.8813,1.5031,0.0187,47.1283,79.3797,NewId
261,2.569,German_Credit,1000.0,1000.0,24.0,2.0,9.0,1.0,1.0369,0.0848,0.5044,,1.0,,1.6986,7.7943,0.8813,1.5031,0.0187,47.1283,79.3797,QuaDisc
262,13.333,German_Credit,1000.0,1000.0,24.0,2.0,9.0,1.0,1.0369,0.0848,0.5044,,1.0,,1.6986,7.7943,0.8813,1.5031,0.0187,47.1283,79.3797,RBF
263,2.018,German_Credit,1000.0,1000.0,24.0,2.0,9.0,1.0,1.0369,0.0848,0.5044,,1.0,,1.6986,7.7943,0.8813,1.5031,0.0187,47.1283,79.3797,Smart
264,28.78,Head,900.0,900.0,6.0,3.0,1.0,1.0,1.1231,0.1217,0.7176,0.1057,0.9787,1.0,1.0071,5.0408,1.3574,1.9786,0.1929,7.03681,9.25713,Ac2
265,10.311,Head,900.0,900.0,6.0,3.0,1.0,1.0,1.1231,0.1217,0.7176,0.1057,0.9787,1.0,1.0071,5.0408,1.3574,1.9786,0.1929,7.03681,9.25713,Alloc80
266,2.641,Head,900.0,900.0,6.0,3.0,1.0,1.0,1.1231,0.1217,0.7176,0.1057,0.9787,1.0,1.0071,5.0408,1.3574,1.9786,0.1929,7.03681,9.25713,BackProp
267,4.43,Head,900.0,900.0,6.0,3.0,1.0,1.0,1.1231,0.1217,0.7176,0.1057,0.9787,1.0,1.0071,5.0408,1.3574,1.9786,0.1929,7.03681,9.25713,Bayes
268,3.499,Head,900.0,900.0,6.0,3.0,1.0,1.0,1.1231,0.1217,0.7176,0.1057,0.9787,1.0,1.0071,5.0408,1.3574,1.9786,0.1929,7.03681,9.25713,BayesTree
269,47.811,Head,900.0,900.0,6.0,3.0,1.0,1.0,1.1231,0.1217,0.7176,0.1057,0.9787,1.0,1.0071,5.0408,1.3574,1.9786,0.1929,7.03681,9.25713,C4_5
270,1.79,Head,900.0,900.0,6.0,3.0,1.0,1.0,1.1231,0.1217,0.7176,0.1057,0.9787,1.0,1.0071,5.0408,1.3574,1.9786,0.1929,7.03681,9.25713,CART
271,11.317,Head,900.0,900.0,6.0,3.0,1.0,1.0,1.1231,0.1217,0.7176,0.1057,0.9787,1.0,1.0071,5.0408,1.3574,1.9786,0.1929,7.03681,9.25713,Cal5
272,1.139,Head,900.0,900.0,6.0,3.0,1.0,1.0,1.1231,0.1217,0.7176,0.1057,0.9787,1.0,1.0071,5.0408,1.3574,1.9786,0.1929,7.03681,9.25713,Cascade
273,2.152,Head,900.0,900.0,6.0,3.0,1.0,1.0,1.1231,0.1217,0.7176,0.1057,0.9787,1.0,1.0071,5.0408,1.3574,1.9786,0.1929,7.03681,9.25713,Castle
274,26.324,Head,900.0,900.0,6.0,3.0,1.0,1.0,1.1231,0.1217,0.7176,0.1057,0.9787,1.0,1.0071,5.0408,1.3574,1.9786,0.1929,7.03681,9.25713,Cn2
275,19.334,Head,900.0,900.0,6.0,3.0,1.0,1.0,1.1231,0.1217,0.7176,0.1057,0.9787,1.0,1.0071,5.0408,1.3574,1.9786,0.1929,7.03681,9.25713,Default
276,6.331,Head,900.0,900.0,6.0,3.0,1.0,1.0,1.1231,0.1217,0.7176,0.1057,0.9787,1.0,1.0071,5.0408,1.3574,1.9786,0.1929,7.03681,9.25713,Dipol92
277,1.428,Head,900.0,900.0,6.0,3.0,1.0,1.0,1.1231,0.1217,0.7176,0.1057,0.9787,1.0,1.0071,5.0408,1.3574,1.9786,0.1929,7.03681,9.25713,Discrim
278,14.534,Head,900.0,900.0,6.0,3.0,1.0,1.0,1.1231,0.1217,0.7176,0.1057,0.9787,1.0,1.0071,5.0408,1.3574,1.9786,0.1929,7.03681,9.25713,ITrule
279,5.592,Head,900.0,900.0,6.0,3.0,1.0,1.0,1.1231,0.1217,0.7176,0.1057,0.9787,1.0,1.0071,5.0408,1.3574,1.9786,0.1929,7.03681,9.25713,IndCART
280,12.825,Head,900.0,900.0,6.0,3.0,1.0,1.0,1.1231,0.1217,0.7176,0.1057,0.9787,1.0,1.0071,5.0408,1.3574,1.9786,0.1929,7.03681,9.25713,KNN
281,60.68,Head,900.0,900.0,6.0,3.0,1.0,1.0,1.1231,0.1217,0.7176,0.1057,0.9787,1.0,1.0071,5.0408,1.3574,1.9786,0.1929,7.03681,9.25713,Kohonen
282,21.169,Head,900.0,900.0,6.0,3.0,1.0,1.0,1.1231,0.1217,0.7176,0.1057,0.9787,1.0,1.0071,5.0408,1.3574,1.9786,0.1929,7.03681,9.25713,LVQ
283,0.0,Head,900.0,900.0,6.0,3.0,1.0,1.0,1.1231,0.1217,0.7176,0.1057,0.9787,1.0,1.0071,5.0408,1.3574,1.9786,0.1929,7.03681,9.25713,LogDisc
284,26.391,Head,900.0,900.0,6.0,3.0,1.0,1.0,1.1231,0.1217,0.7176,0.1057,0.9787,1.0,1.0071,5.0408,1.3574,1.9786,0.1929,7.03681,9.25713,NewId
285,1.553,Head,900.0,900.0,6.0,3.0,1.0,1.0,1.1231,0.1217,0.7176,0.1057,0.9787,1.0,1.0071,5.0408,1.3574,1.9786,0.1929,7.03681,9.25713,QuaDisc
286,33.388,Head,900.0,900.0,6.0,3.0,1.0,1.0,1.1231,0.1217,0.7176,0.1057,0.9787,1.0,1.0071,5.0408,1.3574,1.9786,0.1929,7.03681,9.25713,RBF
287,2.848,Head,900.0,900.0,6.0,3.0,1.0,1.0,1.1231,0.1217,0.7176,0.1057,0.9787,1.0,1.0071,5.0408,1.3574,1.9786,0.1929,7.03681,9.25713,Smart
288,5.378,Heart,270.0,270.0,13.0,2.0,5.0,1.0,1.0612,0.1236,0.7384,,1.0,,0.956,3.6494,0.9902,1.6386,0.0876,11.3037,17.7055,Ac2
289,0.48,Heart,270.0,270.0,13.0,2.0,5.0,1.0,1.0612,0.1236,0.7384,,1.0,,0.956,3.6494,0.9902,1.6386,0.0876,11.3037,17.7055,Alloc80
290,2.907,Heart,270.0,270.0,13.0,2.0,5.0,1.0,1.0612,0.1236,0.7384,,1.0,,0.956,3.6494,0.9902,1.6386,0.0876,11.3037,17.7055,BackProp
291,0.0,Heart,270.0,270.0,13.0,2.0,5.0,1.0,1.0612,0.1236,0.7384,,1.0,,0.956,3.6494,0.9902,1.6386,0.0876,11.3037,17.7055,Bayes
292,2.209,Heart,270.0,270.0,13.0,2.0,5.0,1.0,1.0612,0.1236,0.7384,,1.0,,0.956,3.6494,0.9902,1.6386,0.0876,11.3037,17.7055,BayesTree
293,5.916,Heart,270.0,270.0,13.0,2.0,5.0,1.0,1.0612,0.1236,0.7384,,1.0,,0.956,3.6494,0.9902,1.6386,0.0876,11.3037,17.7055,C4_5
294,1.134,Heart,270.0,270.0,13.0,2.0,5.0,1.0,1.0612,0.1236,0.7384,,1.0,,0.956,3.6494,0.9902,1.6386,0.0876,11.3037,17.7055,CART
295,1.017,Heart,270.0,270.0,13.0,2.0,5.0,1.0,1.0612,0.1236,0.7384,,1.0,,0.956,3.6494,0.9902,1.6386,0.0876,11.3037,17.7055,Cal5
296,1.352,Heart,270.0,270.0,13.0,2.0,5.0,1.0,1.0612,0.1236,0.7384,,1.0,,0.956,3.6494,0.9902,1.6386,0.0876,11.3037,17.7055,Cascade
297,0.974,Heart,270.0,270.0,13.0,2.0,5.0,1.0,1.0612,0.1236,0.7384,,1.0,,0.956,3.6494,0.9902,1.6386,0.0876,11.3037,17.7055,Castle
298,5.712,Heart,270.0,270.0,13.0,2.0,5.0,1.0,1.0612,0.1236,0.7384,,1.0,,0.956,3.6494,0.9902,1.6386,0.0876,11.3037,17.7055,Cn2
299,2.703,Heart,270.0,270.0,13.0,2.0,5.0,1.0,1.0612,0.1236,0.7384,,1.0,,0.956,3.6494,0.9902,1.6386,0.0876,11.3037,17.7055,Default
300,1.933,Heart,270.0,270.0,13.0,2.0,5.0,1.0,1.0612,0.1236,0.7384,,1.0,,0.956,3.6494,0.9902,1.6386,0.0876,11.3037,17.7055,Dipol92
301,0.276,Heart,270.0,270.0,13.0,2.0,5.0,1.0,1.0612,0.1236,0.7384,,1.0,,0.956,3.6494,0.9902,1.6386,0.0876,11.3037,17.7055,Discrim
302,2.049,Heart,270.0,270.0,13.0,2.0,5.0,1.0,1.0612,0.1236,0.7384,,1.0,,0.956,3.6494,0.9902,1.6386,0.0876,11.3037,17.7055,ITrule
303,3.721,Heart,270.0,270.0,13.0,2.0,5.0,1.0,1.0612,0.1236,0.7384,,1.0,,0.956,3.6494,0.9902,1.6386,0.0876,11.3037,17.7055,IndCART
304,1.512,Heart,270.0,270.0,13.0,2.0,5.0,1.0,1.0612,0.1236,0.7384,,1.0,,0.956,3.6494,0.9902,1.6386,0.0876,11.3037,17.7055,KNN
305,4.637,Heart,270.0,270.0,13.0,2.0,5.0,1.0,1.0612,0.1236,0.7384,,1.0,,0.956,3.6494,0.9902,1.6386,0.0876,11.3037,17.7055,Kohonen
306,3.285,Heart,270.0,270.0,13.0,2.0,5.0,1.0,1.0612,0.1236,0.7384,,1.0,,0.956,3.6494,0.9902,1.6386,0.0876,11.3037,17.7055,LVQ
307,0.32,Heart,270.0,270.0,13.0,2.0,5.0,1.0,1.0612,0.1236,0.7384,,1.0,,0.956,3.6494,0.9902,1.6386,0.0876,11.3037,17.7055,LogDisc
308,6.831,Heart,270.0,270.0,13.0,2.0,5.0,1.0,1.0612,0.1236,0.7384,,1.0,,0.956,3.6494,0.9902,1.6386,0.0876,11.3037,17.7055,NewId
309,0.698,Heart,270.0,270.0,13.0,2.0,5.0,1.0,1.0612,0.1236,0.7384,,1.0,,0.956,3.6494,0.9902,1.6386,0.0876,11.3037,17.7055,QuaDisc
310,5.916,Heart,270.0,270.0,13.0,2.0,5.0,1.0,1.0612,0.1236,0.7384,,1.0,,0.956,3.6494,0.9902,1.6386,0.0876,11.3037,17.7055,RBF
311,1.512,Heart,270.0,270.0,13.0,2.0,5.0,1.0,1.0612,0.1236,0.7384,,1.0,,0.956,3.6494,0.9902,1.6386,0.0876,11.3037,17.7055,Smart
312,100.289,KlDigits,9000.0,18000.0,40.0,10.0,0.0,0.0,1.9657,0.1093,0.9207,0.9056,0.172,0.3385,0.1802,2.92,3.3219,5.5903,0.2029,16.3721,26.552,Ac2
313,2.711,KlDigits,9000.0,18000.0,40.0,10.0,0.0,0.0,1.9657,0.1093,0.9207,0.9056,0.172,0.3385,0.1802,2.92,3.3219,5.5903,0.2029,16.3721,26.552,Alloc80
314,19.651,KlDigits,9000.0,18000.0,40.0,10.0,0.0,0.0,1.9657,0.1093,0.9207,0.9056,0.172,0.3385,0.1802,2.92,3.3219,5.5903,0.2029,16.3721,26.552,BackProp
315,137.559,KlDigits,9000.0,18000.0,40.0,10.0,0.0,0.0,1.9657,0.1093,0.9207,0.9056,0.172,0.3385,0.1802,2.92,3.3219,5.5903,0.2029,16.3721,26.552,Bayes
316,96.901,KlDigits,9000.0,18000.0,40.0,10.0,0.0,0.0,1.9657,0.1093,0.9207,0.9056,0.172,0.3385,0.1802,2.92,3.3219,5.5903,0.2029,16.3721,26.552,BayesTree
317,108.421,KlDigits,9000.0,18000.0,40.0,10.0,0.0,0.0,1.9657,0.1093,0.9207,0.9056,0.172,0.3385,0.1802,2.92,3.3219,5.5903,0.2029,16.3721,26.552,C4_5
318,664.078,KlDigits,9000.0,18000.0,40.0,10.0,0.0,0.0,1.9657,0.1093,0.9207,0.9056,0.172,0.3385,0.1802,2.92,3.3219,5.5903,0.2029,16.3721,26.552,CART
319,169.408,KlDigits,9000.0,18000.0,40.0,10.0,0.0,0.0,1.9657,0.1093,0.9207,0.9056,0.172,0.3385,0.1802,2.92,3.3219,5.5903,0.2029,16.3721,26.552,Cal5
320,37.27,KlDigits,9000.0,18000.0,40.0,10.0,0.0,0.0,1.9657,0.1093,0.9207,0.9056,0.172,0.3385,0.1802,2.92,3.3219,5.5903,0.2029,16.3721,26.552,Cascade
321,77.928,KlDigits,9000.0,18000.0,40.0,10.0,0.0,0.0,1.9657,0.1093,0.9207,0.9056,0.172,0.3385,0.1802,2.92,3.3219,5.5903,0.2029,16.3721,26.552,Castle
322,108.421,KlDigits,9000.0,18000.0,40.0,10.0,0.0,0.0,1.9657,0.1093,0.9207,0.9056,0.172,0.3385,0.1802,2.92,3.3219,5.5903,0.2029,16.3721,26.552,Cn2
323,596.315,KlDigits,9000.0,18000.0,40.0,10.0,0.0,0.0,1.9657,0.1093,0.9207,0.9056,0.172,0.3385,0.1802,2.92,3.3219,5.5903,0.2029,16.3721,26.552,Default
324,12.875,KlDigits,9000.0,18000.0,40.0,10.0,0.0,0.0,1.9657,0.1093,0.9207,0.9056,0.172,0.3385,0.1802,2.92,3.3219,5.5903,0.2029,16.3721,26.552,Dipol92
325,37.27,KlDigits,9000.0,18000.0,40.0,10.0,0.0,0.0,1.9657,0.1093,0.9207,0.9056,0.172,0.3385,0.1802,2.92,3.3219,5.5903,0.2029,16.3721,26.552,Discrim
326,132.816,KlDigits,9000.0,18000.0,40.0,10.0,0.0,0.0,1.9657,0.1093,0.9207,0.9056,0.172,0.3385,0.1802,2.92,3.3219,5.5903,0.2029,16.3721,26.552,ITrule
327,101.645,KlDigits,9000.0,18000.0,40.0,10.0,0.0,0.0,1.9657,0.1093,0.9207,0.9056,0.172,0.3385,0.1802,2.92,3.3219,5.5903,0.2029,16.3721,26.552,IndCART
328,0.0,KlDigits,9000.0,18000.0,40.0,10.0,0.0,0.0,1.9657,0.1093,0.9207,0.9056,0.172,0.3385,0.1802,2.92,3.3219,5.5903,0.2029,16.3721,26.552,KNN
329,664.078,KlDigits,9000.0,18000.0,40.0,10.0,0.0,0.0,1.9657,0.1093,0.9207,0.9056,0.172,0.3385,0.1802,2.92,3.3219,5.5903,0.2029,16.3721,26.552,Kohonen
330,4.066,KlDigits,9000.0,18000.0,40.0,10.0,0.0,0.0,1.9657,0.1093,0.9207,0.9056,0.172,0.3385,0.1802,2.92,3.3219,5.5903,0.2029,16.3721,26.552,LVQ
331,21.007,KlDigits,9000.0,18000.0,40.0,10.0,0.0,0.0,1.9657,0.1093,0.9207,0.9056,0.172,0.3385,0.1802,2.92,3.3219,5.5903,0.2029,16.3721,26.552,LogDisc
332,96.224,KlDigits,9000.0,18000.0,40.0,10.0,0.0,0.0,1.9657,0.1093,0.9207,0.9056,0.172,0.3385,0.1802,2.92,3.3219,5.5903,0.2029,16.3721,26.552,NewId
333,3.388,KlDigits,9000.0,18000.0,40.0,10.0,0.0,0.0,1.9657,0.1093,0.9207,0.9056,0.172,0.3385,0.1802,2.92,3.3219,5.5903,0.2029,16.3721,26.552,QuaDisc
334,23.717,KlDigits,9000.0,18000.0,40.0,10.0,0.0,0.0,1.9657,0.1093,0.9207,0.9056,0.172,0.3385,0.1802,2.92,3.3219,5.5903,0.2029,16.3721,26.552,RBF
335,25.072,KlDigits,9000.0,18000.0,40.0,10.0,0.0,0.0,1.9657,0.1093,0.9207,0.9056,0.172,0.3385,0.1802,2.92,3.3219,5.5903,0.2029,16.3721,26.552,Smart
336,52.292,Letters,5000.0,20000.0,16.0,26.0,0.0,0.0,1.8795,0.2577,0.8896,0.8489,0.168,0.321,0.5698,3.5385,4.6996,3.094,0.5189,9.05685,4.96261,Ac2
337,0.0,Letters,5000.0,20000.0,16.0,26.0,0.0,0.0,1.8795,0.2577,0.8896,0.8489,0.168,0.321,0.5698,3.5385,4.6996,3.094,0.5189,9.05685,4.96261,Alloc80
338,75.982,Letters,5000.0,20000.0,16.0,26.0,0.0,0.0,1.8795,0.2577,0.8896,0.8489,0.168,0.321,0.5698,3.5385,4.6996,3.094,0.5189,9.05685,4.96261,BackProp
339,134.341,Letters,5000.0,20000.0,16.0,26.0,0.0,0.0,1.8795,0.2577,0.8896,0.8489,0.168,0.321,0.5698,3.5385,4.6996,3.094,0.5189,9.05685,4.96261,Bayes
340,17.334,Letters,5000.0,20000.0,16.0,26.0,0.0,0.0,1.8795,0.2577,0.8896,0.8489,0.168,0.321,0.5698,3.5385,4.6996,3.094,0.5189,9.05685,4.96261,BayesTree
341,19.646,Letters,5000.0,20000.0,16.0,26.0,0.0,0.0,1.8795,0.2577,0.8896,0.8489,0.168,0.321,0.5698,3.5385,4.6996,3.094,0.5189,9.05685,4.96261,C4_5
342,270.416,Letters,5000.0,20000.0,16.0,26.0,0.0,0.0,1.8795,0.2577,0.8896,0.8489,0.168,0.321,0.5698,3.5385,4.6996,3.094,0.5189,9.05685,4.96261,CART
343,54.603,Letters,5000.0,20000.0,16.0,26.0,0.0,0.0,1.8795,0.2577,0.8896,0.8489,0.168,0.321,0.5698,3.5385,4.6996,3.094,0.5189,9.05685,4.96261,Cal5
344,270.416,Letters,5000.0,20000.0,16.0,26.0,0.0,0.0,1.8795,0.2577,0.8896,0.8489,0.168,0.321,0.5698,3.5385,4.6996,3.094,0.5189,9.05685,4.96261,Cascade
345,52.292,Letters,5000.0,20000.0,16.0,26.0,0.0,0.0,1.8795,0.2577,0.8896,0.8489,0.168,0.321,0.5698,3.5385,4.6996,3.094,0.5189,9.05685,4.96261,Castle
346,14.734,Letters,5000.0,20000.0,16.0,26.0,0.0,0.0,1.8795,0.2577,0.8896,0.8489,0.168,0.321,0.5698,3.5385,4.6996,3.094,0.5189,9.05685,4.96261,Cn2
347,258.86,Letters,5000.0,20000.0,16.0,26.0,0.0,0.0,1.8795,0.2577,0.8896,0.8489,0.168,0.321,0.5698,3.5385,4.6996,3.094,0.5189,9.05685,4.96261,Default
348,32.358,Letters,5000.0,20000.0,16.0,26.0,0.0,0.0,1.8795,0.2577,0.8896,0.8489,0.168,0.321,0.5698,3.5385,4.6996,3.094,0.5189,9.05685,4.96261,Dipol92
349,68.76,Letters,5000.0,20000.0,16.0,26.0,0.0,0.0,1.8795,0.2577,0.8896,0.8489,0.168,0.321,0.5698,3.5385,4.6996,3.094,0.5189,9.05685,4.96261,Discrim
350,153.12,Letters,5000.0,20000.0,16.0,26.0,0.0,0.0,1.8795,0.2577,0.8896,0.8489,0.168,0.321,0.5698,3.5385,4.6996,3.094,0.5189,9.05685,4.96261,ITrule
351,19.068,Letters,5000.0,20000.0,16.0,26.0,0.0,0.0,1.8795,0.2577,0.8896,0.8489,0.168,0.321,0.5698,3.5385,4.6996,3.094,0.5189,9.05685,4.96261,IndCART
352,1.733,Letters,5000.0,20000.0,16.0,26.0,0.0,0.0,1.8795,0.2577,0.8896,0.8489,0.168,0.321,0.5698,3.5385,4.6996,3.094,0.5189,9.05685,4.96261,KNN
353,54.314,Letters,5000.0,20000.0,16.0,26.0,0.0,0.0,1.8795,0.2577,0.8896,0.8489,0.168,0.321,0.5698,3.5385,4.6996,3.094,0.5189,9.05685,4.96261,Kohonen
354,4.334,Letters,5000.0,20000.0,16.0,26.0,0.0,0.0,1.8795,0.2577,0.8896,0.8489,0.168,0.321,0.5698,3.5385,4.6996,3.094,0.5189,9.05685,4.96261,LVQ
355,49.114,Letters,5000.0,20000.0,16.0,26.0,0.0,0.0,1.8795,0.2577,0.8896,0.8489,0.168,0.321,0.5698,3.5385,4.6996,3.094,0.5189,9.05685,4.96261,LogDisc
356,18.49,Letters,5000.0,20000.0,16.0,26.0,0.0,0.0,1.8795,0.2577,0.8896,0.8489,0.168,0.321,0.5698,3.5385,4.6996,3.094,0.5189,9.05685,4.96261,NewId
357,14.156,Letters,5000.0,20000.0,16.0,26.0,0.0,0.0,1.8795,0.2577,0.8896,0.8489,0.168,0.321,0.5698,3.5385,4.6996,3.094,0.5189,9.05685,4.96261,QuaDisc
358,48.825,Letters,5000.0,20000.0,16.0,26.0,0.0,0.0,1.8795,0.2577,0.8896,0.8489,0.168,0.321,0.5698,3.5385,4.6996,3.094,0.5189,9.05685,4.96261,RBF
359,66.737,Letters,5000.0,20000.0,16.0,26.0,0.0,0.0,1.8795,0.2577,0.8896,0.8489,0.168,0.321,0.5698,3.5385,4.6996,3.094,0.5189,9.05685,4.96261,Smart
360,1.675,NewBelgian,1000.0,3000.0,57.0,2.0,0.0,0.0,1.0638,0.1216,0.5286,,1.0,,1.118,6.7738,0.3879,3.83,0.0421,9.21378,89.9739,Ac2
361,8.933,NewBelgian,1000.0,3000.0,57.0,2.0,0.0,0.0,1.0638,0.1216,0.5286,,1.0,,1.118,6.7738,0.3879,3.83,0.0421,9.21378,89.9739,Alloc80
362,2.513,NewBelgian,1000.0,3000.0,57.0,2.0,0.0,0.0,1.0638,0.1216,0.5286,,1.0,,1.118,6.7738,0.3879,3.83,0.0421,9.21378,89.9739,BackProp
363,21.217,NewBelgian,1000.0,3000.0,57.0,2.0,0.0,0.0,1.0638,0.1216,0.5286,,1.0,,1.118,6.7738,0.3879,3.83,0.0421,9.21378,89.9739,Bayes
364,0.279,NewBelgian,1000.0,3000.0,57.0,2.0,0.0,0.0,1.0638,0.1216,0.5286,,1.0,,1.118,6.7738,0.3879,3.83,0.0421,9.21378,89.9739,BayesTree
365,1.396,NewBelgian,1000.0,3000.0,57.0,2.0,0.0,0.0,1.0638,0.1216,0.5286,,1.0,,1.118,6.7738,0.3879,3.83,0.0421,9.21378,89.9739,C4_5
366,2.513,NewBelgian,1000.0,3000.0,57.0,2.0,0.0,0.0,1.0638,0.1216,0.5286,,1.0,,1.118,6.7738,0.3879,3.83,0.0421,9.21378,89.9739,CART
367,3.629,NewBelgian,1000.0,3000.0,57.0,2.0,0.0,0.0,1.0638,0.1216,0.5286,,1.0,,1.118,6.7738,0.3879,3.83,0.0421,9.21378,89.9739,Cal5
368,275.541,NewBelgian,1000.0,3000.0,57.0,2.0,0.0,0.0,1.0638,0.1216,0.5286,,1.0,,1.118,6.7738,0.3879,3.83,0.0421,9.21378,89.9739,Cascade
369,14.238,NewBelgian,1000.0,3000.0,57.0,2.0,0.0,0.0,1.0638,0.1216,0.5286,,1.0,,1.118,6.7738,0.3879,3.83,0.0421,9.21378,89.9739,Castle
370,3.35,NewBelgian,1000.0,3000.0,57.0,2.0,0.0,0.0,1.0638,0.1216,0.5286,,1.0,,1.118,6.7738,0.3879,3.83,0.0421,9.21378,89.9739,Cn2
371,17.029,NewBelgian,1000.0,3000.0,57.0,2.0,0.0,0.0,1.0638,0.1216,0.5286,,1.0,,1.118,6.7738,0.3879,3.83,0.0421,9.21378,89.9739,Default
372,3.629,NewBelgian,1000.0,3000.0,57.0,2.0,0.0,0.0,1.0638,0.1216,0.5286,,1.0,,1.118,6.7738,0.3879,3.83,0.0421,9.21378,89.9739,Dipol92
373,7.817,NewBelgian,1000.0,3000.0,57.0,2.0,0.0,0.0,1.0638,0.1216,0.5286,,1.0,,1.118,6.7738,0.3879,3.83,0.0421,9.21378,89.9739,Discrim
374,18.984,NewBelgian,1000.0,3000.0,57.0,2.0,0.0,0.0,1.0638,0.1216,0.5286,,1.0,,1.118,6.7738,0.3879,3.83,0.0421,9.21378,89.9739,ITrule
375,0.279,NewBelgian,1000.0,3000.0,57.0,2.0,0.0,0.0,1.0638,0.1216,0.5286,,1.0,,1.118,6.7738,0.3879,3.83,0.0421,9.21378,89.9739,IndCART
376,10.888,NewBelgian,1000.0,3000.0,57.0,2.0,0.0,0.0,1.0638,0.1216,0.5286,,1.0,,1.118,6.7738,0.3879,3.83,0.0421,9.21378,89.9739,KNN
377,19.821,NewBelgian,1000.0,3000.0,57.0,2.0,0.0,0.0,1.0638,0.1216,0.5286,,1.0,,1.118,6.7738,0.3879,3.83,0.0421,9.21378,89.9739,Kohonen
378,14.517,NewBelgian,1000.0,3000.0,57.0,2.0,0.0,0.0,1.0638,0.1216,0.5286,,1.0,,1.118,6.7738,0.3879,3.83,0.0421,9.21378,89.9739,LVQ
379,4.188,NewBelgian,1000.0,3000.0,57.0,2.0,0.0,0.0,1.0638,0.1216,0.5286,,1.0,,1.118,6.7738,0.3879,3.83,0.0421,9.21378,89.9739,LogDisc
380,1.117,NewBelgian,1000.0,3000.0,57.0,2.0,0.0,0.0,1.0638,0.1216,0.5286,,1.0,,1.118,6.7738,0.3879,3.83,0.0421,9.21378,89.9739,NewId
381,6.142,NewBelgian,1000.0,3000.0,57.0,2.0,0.0,0.0,1.0638,0.1216,0.5286,,1.0,,1.118,6.7738,0.3879,3.83,0.0421,9.21378,89.9739,QuaDisc
382,6.142,NewBelgian,1000.0,3000.0,57.0,2.0,0.0,0.0,1.0638,0.1216,0.5286,,1.0,,1.118,6.7738,0.3879,3.83,0.0421,9.21378,89.9739,RBF
383,0.0,NewBelgian,1000.0,3000.0,57.0,2.0,0.0,0.0,1.0638,0.1216,0.5286,,1.0,,1.118,6.7738,0.3879,3.83,0.0421,9.21378,89.9739,Smart
384,9.654,SatImage,2000.0,6435.0,36.0,6.0,0.0,0.0,1.297,0.5977,0.9366,0.9332,0.3586,0.7146,0.7316,4.1737,2.4734,5.5759,0.9443,2.61929,4.9048,Ac2
385,5.823,SatImage,2000.0,6435.0,36.0,6.0,0.0,0.0,1.297,0.5977,0.9366,0.9332,0.3586,0.7146,0.7316,4.1737,2.4734,5.5759,0.9443,2.61929,4.9048,Alloc80
386,6.896,SatImage,2000.0,6435.0,36.0,6.0,0.0,0.0,1.297,0.5977,0.9366,0.9332,0.3586,0.7146,0.7316,4.1737,2.4734,5.5759,0.9443,2.61929,4.9048,BackProp
387,29.576,SatImage,2000.0,6435.0,36.0,6.0,0.0,0.0,1.297,0.5977,0.9366,0.9332,0.3586,0.7146,0.7316,4.1737,2.4734,5.5759,0.9443,2.61929,4.9048,Bayes
388,8.122,SatImage,2000.0,6435.0,36.0,6.0,0.0,0.0,1.297,0.5977,0.9366,0.9332,0.3586,0.7146,0.7316,4.1737,2.4734,5.5759,0.9443,2.61929,4.9048,BayesTree
389,8.582,SatImage,2000.0,6435.0,36.0,6.0,0.0,0.0,1.297,0.5977,0.9366,0.9332,0.3586,0.7146,0.7316,4.1737,2.4734,5.5759,0.9443,2.61929,4.9048,C4_5
390,6.743,SatImage,2000.0,6435.0,36.0,6.0,0.0,0.0,1.297,0.5977,0.9366,0.9332,0.3586,0.7146,0.7316,4.1737,2.4734,5.5759,0.9443,2.61929,4.9048,CART
391,8.735,SatImage,2000.0,6435.0,36.0,6.0,0.0,0.0,1.297,0.5977,0.9366,0.9332,0.3586,0.7146,0.7316,4.1737,2.4734,5.5759,0.9443,2.61929,4.9048,Cal5
392,10.574,SatImage,2000.0,6435.0,36.0,6.0,0.0,0.0,1.297,0.5977,0.9366,0.9332,0.3586,0.7146,0.7316,4.1737,2.4734,5.5759,0.9443,2.61929,4.9048,Cascade
393,15.325,SatImage,2000.0,6435.0,36.0,6.0,0.0,0.0,1.297,0.5977,0.9366,0.9332,0.3586,0.7146,0.7316,4.1737,2.4734,5.5759,0.9443,2.61929,4.9048,Castle
394,8.582,SatImage,2000.0,6435.0,36.0,6.0,0.0,0.0,1.297,0.5977,0.9366,0.9332,0.3586,0.7146,0.7316,4.1737,2.4734,5.5759,0.9443,2.61929,4.9048,Cn2
395,102.061,SatImage,2000.0,6435.0,36.0,6.0,0.0,0.0,1.297,0.5977,0.9366,0.9332,0.3586,0.7146,0.7316,4.1737,2.4734,5.5759,0.9443,2.61929,4.9048,Default
396,2.605,SatImage,2000.0,6435.0,36.0,6.0,0.0,0.0,1.297,0.5977,0.9366,0.9332,0.3586,0.7146,0.7316,4.1737,2.4734,5.5759,0.9443,2.61929,4.9048,Dipol92
397,11.8,SatImage,2000.0,6435.0,36.0,6.0,0.0,0.0,1.297,0.5977,0.9366,0.9332,0.3586,0.7146,0.7316,4.1737,2.4734,5.5759,0.9443,2.61929,4.9048,Discrim
398,138.84,SatImage,2000.0,6435.0,36.0,6.0,0.0,0.0,1.297,0.5977,0.9366,0.9332,0.3586,0.7146,0.7316,4.1737,2.4734,5.5759,0.9443,2.61929,4.9048,ITrule
399,6.743,SatImage,2000.0,6435.0,36.0,6.0,0.0,0.0,1.297,0.5977,0.9366,0.9332,0.3586,0.7146,0.7316,4.1737,2.4734,5.5759,0.9443,2.61929,4.9048,IndCART
400,0.0,SatImage,2000.0,6435.0,36.0,6.0,0.0,0.0,1.297,0.5977,0.9366,0.9332,0.3586,0.7146,0.7316,4.1737,2.4734,5.5759,0.9443,2.61929,4.9048,KNN
401,13.026,SatImage,2000.0,6435.0,36.0,6.0,0.0,0.0,1.297,0.5977,0.9366,0.9332,0.3586,0.7146,0.7316,4.1737,2.4734,5.5759,0.9443,2.61929,4.9048,Kohonen
402,1.686,SatImage,2000.0,6435.0,36.0,6.0,0.0,0.0,1.297,0.5977,0.9366,0.9332,0.3586,0.7146,0.7316,4.1737,2.4734,5.5759,0.9443,2.61929,4.9048,LVQ
403,10.574,SatImage,2000.0,6435.0,36.0,6.0,0.0,0.0,1.297,0.5977,0.9366,0.9332,0.3586,0.7146,0.7316,4.1737,2.4734,5.5759,0.9443,2.61929,4.9048,LogDisc
404,8.582,SatImage,2000.0,6435.0,36.0,6.0,0.0,0.0,1.297,0.5977,0.9366,0.9332,0.3586,0.7146,0.7316,4.1737,2.4734,5.5759,0.9443,2.61929,4.9048,NewId
405,9.348,SatImage,2000.0,6435.0,36.0,6.0,0.0,0.0,1.297,0.5977,0.9366,0.9332,0.3586,0.7146,0.7316,4.1737,2.4734,5.5759,0.9443,2.61929,4.9048,QuaDisc
406,4.138,SatImage,2000.0,6435.0,36.0,6.0,0.0,0.0,1.297,0.5977,0.9366,0.9332,0.3586,0.7146,0.7316,4.1737,2.4734,5.5759,0.9443,2.61929,4.9048,RBF
407,9.961,SatImage,2000.0,6435.0,36.0,6.0,0.0,0.0,1.297,0.5977,0.9366,0.9332,0.3586,0.7146,0.7316,4.1737,2.4734,5.5759,0.9443,2.61929,4.9048,Smart
408,0.282,Segment,2310.0,2310.0,11.0,7.0,0.0,0.0,4.0014,0.1425,0.976,0.9623,0.3098,0.611,2.958,24.4813,2.8072,3.0787,0.6672,4.20743,3.61436,Ac2
409,0.0,Segment,2310.0,2310.0,11.0,7.0,0.0,0.0,4.0014,0.1425,0.976,0.9623,0.3098,0.611,2.958,24.4813,2.8072,3.0787,0.6672,4.20743,3.61436,Alloc80
410,6.762,Segment,2310.0,2310.0,11.0,7.0,0.0,0.0,4.0014,0.1425,0.976,0.9623,0.3098,0.611,2.958,24.4813,2.8072,3.0787,0.6672,4.20743,3.61436,BackProp
411,66.211,Segment,2310.0,2310.0,11.0,7.0,0.0,0.0,4.0014,0.1425,0.976,0.9623,0.3098,0.611,2.958,24.4813,2.8072,3.0787,0.6672,4.20743,3.61436,Bayes
412,0.845,Segment,2310.0,2310.0,11.0,7.0,0.0,0.0,4.0014,0.1425,0.976,0.9623,0.3098,0.611,2.958,24.4813,2.8072,3.0787,0.6672,4.20743,3.61436,BayesTree
413,2.817,Segment,2310.0,2310.0,11.0,7.0,0.0,0.0,4.0014,0.1425,0.976,0.9623,0.3098,0.611,2.958,24.4813,2.8072,3.0787,0.6672,4.20743,3.61436,C4_5
414,2.817,Segment,2310.0,2310.0,11.0,7.0,0.0,0.0,4.0014,0.1425,0.976,0.9623,0.3098,0.611,2.958,24.4813,2.8072,3.0787,0.6672,4.20743,3.61436,CART
415,9.016,Segment,2310.0,2310.0,11.0,7.0,0.0,0.0,4.0014,0.1425,0.976,0.9623,0.3098,0.611,2.958,24.4813,2.8072,3.0787,0.6672,4.20743,3.61436,Cal5
416,273.295,Segment,2310.0,2310.0,11.0,7.0,0.0,0.0,4.0014,0.1425,0.976,0.9623,0.3098,0.611,2.958,24.4813,2.8072,3.0787,0.6672,4.20743,3.61436,Cascade
417,23.103,Segment,2310.0,2310.0,11.0,7.0,0.0,0.0,4.0014,0.1425,0.976,0.9623,0.3098,0.611,2.958,24.4813,2.8072,3.0787,0.6672,4.20743,3.61436,Castle
418,3.663,Segment,2310.0,2310.0,11.0,7.0,0.0,0.0,4.0014,0.1425,0.976,0.9623,0.3098,0.611,2.958,24.4813,2.8072,3.0787,0.6672,4.20743,3.61436,Cn2
419,245.12,Segment,2310.0,2310.0,11.0,7.0,0.0,0.0,4.0014,0.1425,0.976,0.9623,0.3098,0.611,2.958,24.4813,2.8072,3.0787,0.6672,4.20743,3.61436,Default
420,0.282,Segment,2310.0,2310.0,11.0,7.0,0.0,0.0,4.0014,0.1425,0.976,0.9623,0.3098,0.611,2.958,24.4813,2.8072,3.0787,0.6672,4.20743,3.61436,Dipol92
421,24.23,Segment,2310.0,2310.0,11.0,7.0,0.0,0.0,4.0014,0.1425,0.976,0.9623,0.3098,0.611,2.958,24.4813,2.8072,3.0787,0.6672,4.20743,3.61436,Discrim
422,119.743,Segment,2310.0,2310.0,11.0,7.0,0.0,0.0,4.0014,0.1425,0.976,0.9623,0.3098,0.611,2.958,24.4813,2.8072,3.0787,0.6672,4.20743,3.61436,ITrule
423,4.226,Segment,2310.0,2310.0,11.0,7.0,0.0,0.0,4.0014,0.1425,0.976,0.9623,0.3098,0.611,2.958,24.4813,2.8072,3.0787,0.6672,4.20743,3.61436,IndCART
424,13.242,Segment,2310.0,2310.0,11.0,7.0,0.0,0.0,4.0014,0.1425,0.976,0.9623,0.3098,0.611,2.958,24.4813,2.8072,3.0787,0.6672,4.20743,3.61436,KNN
425,10.425,Segment,2310.0,2310.0,11.0,7.0,0.0,0.0,4.0014,0.1425,0.976,0.9623,0.3098,0.611,2.958,24.4813,2.8072,3.0787,0.6672,4.20743,3.61436,Kohonen
426,4.508,Segment,2310.0,2310.0,11.0,7.0,0.0,0.0,4.0014,0.1425,0.976,0.9623,0.3098,0.611,2.958,24.4813,2.8072,3.0787,0.6672,4.20743,3.61436,LVQ
427,22.258,Segment,2310.0,2310.0,11.0,7.0,0.0,0.0,4.0014,0.1425,0.976,0.9623,0.3098,0.611,2.958,24.4813,2.8072,3.0787,0.6672,4.20743,3.61436,LogDisc
428,1.127,Segment,2310.0,2310.0,11.0,7.0,0.0,0.0,4.0014,0.1425,0.976,0.9623,0.3098,0.611,2.958,24.4813,2.8072,3.0787,0.6672,4.20743,3.61436,NewId
429,35.782,Segment,2310.0,2310.0,11.0,7.0,0.0,0.0,4.0014,0.1425,0.976,0.9623,0.3098,0.611,2.958,24.4813,2.8072,3.0787,0.6672,4.20743,3.61436,QuaDisc
430,10.988,Segment,2310.0,2310.0,11.0,7.0,0.0,0.0,4.0014,0.1425,0.976,0.9623,0.3098,0.611,2.958,24.4813,2.8072,3.0787,0.6672,4.20743,3.61436,RBF
431,6.198,Segment,2310.0,2310.0,11.0,7.0,0.0,0.0,4.0014,0.1425,0.976,0.9623,0.3098,0.611,2.958,24.4813,2.8072,3.0787,0.6672,4.20743,3.61436,Smart
432,37.331,Shuttle,14500.0,58000.0,9.0,7.0,0.0,0.0,1.6067,0.3558,0.9668,0.6968,0.6252,0.9499,4.4371,160.311,0.9653,3.4271,0.3348,2.88321,9.23626,Ac2
433,98.746,Shuttle,14500.0,58000.0,9.0,7.0,0.0,0.0,1.6067,0.3558,0.9668,0.6968,0.6252,0.9499,4.4371,160.311,0.9653,3.4271,0.3348,2.88321,9.23626,Alloc80
434,50.577,Shuttle,14500.0,58000.0,9.0,7.0,0.0,0.0,1.6067,0.3558,0.9668,0.6968,0.6252,0.9499,4.4371,160.311,0.9653,3.4271,0.3348,2.88321,9.23626,BackProp
435,540.695,Shuttle,14500.0,58000.0,9.0,7.0,0.0,0.0,1.6067,0.3558,0.9668,0.6968,0.6252,0.9499,4.4371,160.311,0.9653,3.4271,0.3348,2.88321,9.23626,Bayes
436,1.204,Shuttle,14500.0,58000.0,9.0,7.0,0.0,0.0,1.6067,0.3558,0.9668,0.6968,0.6252,0.9499,4.4371,160.311,0.9653,3.4271,0.3348,2.88321,9.23626,BayesTree
437,10.838,Shuttle,14500.0,58000.0,9.0,7.0,0.0,0.0,1.6067,0.3558,0.9668,0.6968,0.6252,0.9499,4.4371,160.311,0.9653,3.4271,0.3348,2.88321,9.23626,C4_5
438,8.43,Shuttle,14500.0,58000.0,9.0,7.0,0.0,0.0,1.6067,0.3558,0.9668,0.6968,0.6252,0.9499,4.4371,160.311,0.9653,3.4271,0.3348,2.88321,9.23626,CART
439,2.408,Shuttle,14500.0,58000.0,9.0,7.0,0.0,0.0,1.6067,0.3558,0.9668,0.6968,0.6252,0.9499,4.4371,160.311,0.9653,3.4271,0.3348,2.88321,9.23626,Cal5
440,12041.0,Shuttle,14500.0,58000.0,9.0,7.0,0.0,0.0,1.6067,0.3558,0.9668,0.6968,0.6252,0.9499,4.4371,160.311,0.9653,3.4271,0.3348,2.88321,9.23626,Cascade
441,456.399,Shuttle,14500.0,58000.0,9.0,7.0,0.0,0.0,1.6067,0.3558,0.9668,0.6968,0.6252,0.9499,4.4371,160.311,0.9653,3.4271,0.3348,2.88321,9.23626,Castle
442,2.408,Shuttle,14500.0,58000.0,9.0,7.0,0.0,0.0,1.6067,0.3558,0.9668,0.6968,0.6252,0.9499,4.4371,160.311,0.9653,3.4271,0.3348,2.88321,9.23626,Cn2
443,2575.83,Shuttle,14500.0,58000.0,9.0,7.0,0.0,0.0,1.6067,0.3558,0.9668,0.6968,0.6252,0.9499,4.4371,160.311,0.9653,3.4271,0.3348,2.88321,9.23626,Default
444,56.598,Shuttle,14500.0,58000.0,9.0,7.0,0.0,0.0,1.6067,0.3558,0.9668,0.6968,0.6252,0.9499,4.4371,160.311,0.9653,3.4271,0.3348,2.88321,9.23626,Dipol92
445,580.434,Shuttle,14500.0,58000.0,9.0,7.0,0.0,0.0,1.6067,0.3558,0.9668,0.6968,0.6252,0.9499,4.4371,160.311,0.9653,3.4271,0.3348,2.88321,9.23626,Discrim
446,48.169,Shuttle,14500.0,58000.0,9.0,7.0,0.0,0.0,1.6067,0.3558,0.9668,0.6968,0.6252,0.9499,4.4371,160.311,0.9653,3.4271,0.3348,2.88321,9.23626,ITrule
447,9.634,Shuttle,14500.0,58000.0,9.0,7.0,0.0,0.0,1.6067,0.3558,0.9668,0.6968,0.6252,0.9499,4.4371,160.311,0.9653,3.4271,0.3348,2.88321,9.23626,IndCART
448,51.781,Shuttle,14500.0,58000.0,9.0,7.0,0.0,0.0,1.6067,0.3558,0.9668,0.6968,0.6252,0.9499,4.4371,160.311,0.9653,3.4271,0.3348,2.88321,9.23626,KNN
449,12041.0,Shuttle,14500.0,58000.0,9.0,7.0,0.0,0.0,1.6067,0.3558,0.9668,0.6968,0.6252,0.9499,4.4371,160.311,0.9653,3.4271,0.3348,2.88321,9.23626,Kohonen
450,51.781,Shuttle,14500.0,58000.0,9.0,7.0,0.0,0.0,1.6067,0.3558,0.9668,0.6968,0.6252,0.9499,4.4371,160.311,0.9653,3.4271,0.3348,2.88321,9.23626,LVQ
451,460.012,Shuttle,14500.0,58000.0,9.0,7.0,0.0,0.0,1.6067,0.3558,0.9668,0.6968,0.6252,0.9499,4.4371,160.311,0.9653,3.4271,0.3348,2.88321,9.23626,LogDisc
452,0.0,Shuttle,14500.0,58000.0,9.0,7.0,0.0,0.0,1.6067,0.3558,0.9668,0.6968,0.6252,0.9499,4.4371,160.311,0.9653,3.4271,0.3348,2.88321,9.23626,NewId
453,808.031,Shuttle,14500.0,58000.0,9.0,7.0,0.0,0.0,1.6067,0.3558,0.9668,0.6968,0.6252,0.9499,4.4371,160.311,0.9653,3.4271,0.3348,2.88321,9.23626,QuaDisc
454,167.387,Shuttle,14500.0,58000.0,9.0,7.0,0.0,0.0,1.6067,0.3558,0.9668,0.6968,0.6252,0.9499,4.4371,160.311,0.9653,3.4271,0.3348,2.88321,9.23626,RBF
455,69.845,Shuttle,14500.0,58000.0,9.0,7.0,0.0,0.0,1.6067,0.3558,0.9668,0.6968,0.6252,0.9499,4.4371,160.311,0.9653,3.4271,0.3348,2.88321,9.23626,Smart
456,2.13,Technical,2580.0,7078.0,56.0,91.0,0.0,0.0,2.2442,,0.9165,0.6818,0.5575,0.866,6.7156,108.296,4.8787,0.3672,0.1815,26.8799,1.02314,Ac2
457,161.514,Technical,2580.0,7078.0,56.0,91.0,0.0,0.0,2.2442,,0.9165,0.6818,0.5575,0.866,6.7156,108.296,4.8787,0.3672,0.1815,26.8799,1.02314,Alloc80
458,161.514,Technical,2580.0,7078.0,56.0,91.0,0.0,0.0,2.2442,,0.9165,0.6818,0.5575,0.866,6.7156,108.296,4.8787,0.3672,0.1815,26.8799,1.02314,BackProp
459,46.857,Technical,2580.0,7078.0,56.0,91.0,0.0,0.0,2.2442,,0.9165,0.6818,0.5575,0.866,6.7156,108.296,4.8787,0.3672,0.1815,26.8799,1.02314,Bayes
460,14.909,Technical,2580.0,7078.0,56.0,91.0,0.0,0.0,2.2442,,0.9165,0.6818,0.5575,0.866,6.7156,108.296,4.8787,0.3672,0.1815,26.8799,1.02314,BayesTree
461,5.325,Technical,2580.0,7078.0,56.0,91.0,0.0,0.0,2.2442,,0.9165,0.6818,0.5575,0.866,6.7156,108.296,4.8787,0.3672,0.1815,26.8799,1.02314,C4_5
462,161.514,Technical,2580.0,7078.0,56.0,91.0,0.0,0.0,2.2442,,0.9165,0.6818,0.5575,0.866,6.7156,108.296,4.8787,0.3672,0.1815,26.8799,1.02314,CART
463,16.506,Technical,2580.0,7078.0,56.0,91.0,0.0,0.0,2.2442,,0.9165,0.6818,0.5575,0.866,6.7156,108.296,4.8787,0.3672,0.1815,26.8799,1.02314,Cal5
464,161.514,Technical,2580.0,7078.0,56.0,91.0,0.0,0.0,2.2442,,0.9165,0.6818,0.5575,0.866,6.7156,108.296,4.8787,0.3672,0.1815,26.8799,1.02314,Cascade
465,161.514,Technical,2580.0,7078.0,56.0,91.0,0.0,0.0,2.2442,,0.9165,0.6818,0.5575,0.866,6.7156,108.296,4.8787,0.3672,0.1815,26.8799,1.02314,Castle
466,5.857,Technical,2580.0,7078.0,56.0,91.0,0.0,0.0,2.2442,,0.9165,0.6818,0.5575,0.866,6.7156,108.296,4.8787,0.3672,0.1815,26.8799,1.02314,Cn2
467,120.692,Technical,2580.0,7078.0,56.0,91.0,0.0,0.0,2.2442,,0.9165,0.6818,0.5575,0.866,6.7156,108.296,4.8787,0.3672,0.1815,26.8799,1.02314,Default
468,18.104,Technical,2580.0,7078.0,56.0,91.0,0.0,0.0,2.2442,,0.9165,0.6818,0.5575,0.866,6.7156,108.296,4.8787,0.3672,0.1815,26.8799,1.02314,Dipol92
469,53.424,Technical,2580.0,7078.0,56.0,91.0,0.0,0.0,2.2442,,0.9165,0.6818,0.5575,0.866,6.7156,108.296,4.8787,0.3672,0.1815,26.8799,1.02314,Discrim
470,161.514,Technical,2580.0,7078.0,56.0,91.0,0.0,0.0,2.2442,,0.9165,0.6818,0.5575,0.866,6.7156,108.296,4.8787,0.3672,0.1815,26.8799,1.02314,ITrule
471,0.887,Technical,2580.0,7078.0,56.0,91.0,0.0,0.0,2.2442,,0.9165,0.6818,0.5575,0.866,6.7156,108.296,4.8787,0.3672,0.1815,26.8799,1.02314,IndCART
472,20.234,Technical,2580.0,7078.0,56.0,91.0,0.0,0.0,2.2442,,0.9165,0.6818,0.5575,0.866,6.7156,108.296,4.8787,0.3672,0.1815,26.8799,1.02314,KNN
473,47.389,Technical,2580.0,7078.0,56.0,91.0,0.0,0.0,2.2442,,0.9165,0.6818,0.5575,0.866,6.7156,108.296,4.8787,0.3672,0.1815,26.8799,1.02314,Kohonen
474,30.35,Technical,2580.0,7078.0,56.0,91.0,0.0,0.0,2.2442,,0.9165,0.6818,0.5575,0.866,6.7156,108.296,4.8787,0.3672,0.1815,26.8799,1.02314,LVQ
475,55.199,Technical,2580.0,7078.0,56.0,91.0,0.0,0.0,2.2442,,0.9165,0.6818,0.5575,0.866,6.7156,108.296,4.8787,0.3672,0.1815,26.8799,1.02314,LogDisc
476,0.0,Technical,2580.0,7078.0,56.0,91.0,0.0,0.0,2.2442,,0.9165,0.6818,0.5575,0.866,6.7156,108.296,4.8787,0.3672,0.1815,26.8799,1.02314,NewId
477,71.882,Technical,2580.0,7078.0,56.0,91.0,0.0,0.0,2.2442,,0.9165,0.6818,0.5575,0.866,6.7156,108.296,4.8787,0.3672,0.1815,26.8799,1.02314,QuaDisc
478,41.532,Technical,2580.0,7078.0,56.0,91.0,0.0,0.0,2.2442,,0.9165,0.6818,0.5575,0.866,6.7156,108.296,4.8787,0.3672,0.1815,26.8799,1.02314,RBF
479,48.987,Technical,2580.0,7078.0,56.0,91.0,0.0,0.0,2.2442,,0.9165,0.6818,0.5575,0.866,6.7156,108.296,4.8787,0.3672,0.1815,26.8799,1.02314,Smart
480,2.286,TseTse,1499.0,4999.0,14.0,2.0,0.0,0.0,1.1316,0.3676,0.7792,,1.0,,0.6483,4.3322,0.9998,3.8755,0.285,3.50807,12.5982,Ac2
481,4.364,TseTse,1499.0,4999.0,14.0,2.0,0.0,0.0,1.1316,0.3676,0.7792,,1.0,,0.6483,4.3322,0.9998,3.8755,0.285,3.50807,12.5982,Alloc80
482,6.027,TseTse,1499.0,4999.0,14.0,2.0,0.0,0.0,1.1316,0.3676,0.7792,,1.0,,0.6483,4.3322,0.9998,3.8755,0.285,3.50807,12.5982,BackProp
483,17.458,TseTse,1499.0,4999.0,14.0,2.0,0.0,0.0,1.1316,0.3676,0.7792,,1.0,,0.6483,4.3322,0.9998,3.8755,0.285,3.50807,12.5982,Bayes
484,0.208,TseTse,1499.0,4999.0,14.0,2.0,0.0,0.0,1.1316,0.3676,0.7792,,1.0,,0.6483,4.3322,0.9998,3.8755,0.285,3.50807,12.5982,BayesTree
485,2.702,TseTse,1499.0,4999.0,14.0,2.0,0.0,0.0,1.1316,0.3676,0.7792,,1.0,,0.6483,4.3322,0.9998,3.8755,0.285,3.50807,12.5982,C4_5
486,1.039,TseTse,1499.0,4999.0,14.0,2.0,0.0,0.0,1.1316,0.3676,0.7792,,1.0,,0.6483,4.3322,0.9998,3.8755,0.285,3.50807,12.5982,CART
487,3.949,TseTse,1499.0,4999.0,14.0,2.0,0.0,0.0,1.1316,0.3676,0.7792,,1.0,,0.6483,4.3322,0.9998,3.8755,0.285,3.50807,12.5982,Cal5
488,200.349,TseTse,1499.0,4999.0,14.0,2.0,0.0,0.0,1.1316,0.3676,0.7792,,1.0,,0.6483,4.3322,0.9998,3.8755,0.285,3.50807,12.5982,Cascade
489,20.991,TseTse,1499.0,4999.0,14.0,2.0,0.0,0.0,1.1316,0.3676,0.7792,,1.0,,0.6483,4.3322,0.9998,3.8755,0.285,3.50807,12.5982,Castle
490,0.0,TseTse,1499.0,4999.0,14.0,2.0,0.0,0.0,1.1316,0.3676,0.7792,,1.0,,0.6483,4.3322,0.9998,3.8755,0.285,3.50807,12.5982,Cn2
491,94.355,TseTse,1499.0,4999.0,14.0,2.0,0.0,0.0,1.1316,0.3676,0.7792,,1.0,,0.6483,4.3322,0.9998,3.8755,0.285,3.50807,12.5982,Default
492,3.533,TseTse,1499.0,4999.0,14.0,2.0,0.0,0.0,1.1316,0.3676,0.7792,,1.0,,0.6483,4.3322,0.9998,3.8755,0.285,3.50807,12.5982,Dipol92
493,17.873,TseTse,1499.0,4999.0,14.0,2.0,0.0,0.0,1.1316,0.3676,0.7792,,1.0,,0.6483,4.3322,0.9998,3.8755,0.285,3.50807,12.5982,Discrim
494,39.904,TseTse,1499.0,4999.0,14.0,2.0,0.0,0.0,1.1316,0.3676,0.7792,,1.0,,0.6483,4.3322,0.9998,3.8755,0.285,3.50807,12.5982,ITrule
495,0.623,TseTse,1499.0,4999.0,14.0,2.0,0.0,0.0,1.1316,0.3676,0.7792,,1.0,,0.6483,4.3322,0.9998,3.8755,0.285,3.50807,12.5982,IndCART
496,4.364,TseTse,1499.0,4999.0,14.0,2.0,0.0,0.0,1.1316,0.3676,0.7792,,1.0,,0.6483,4.3322,0.9998,3.8755,0.285,3.50807,12.5982,KNN
497,8.105,TseTse,1499.0,4999.0,14.0,2.0,0.0,0.0,1.1316,0.3676,0.7792,,1.0,,0.6483,4.3322,0.9998,3.8755,0.285,3.50807,12.5982,Kohonen
498,6.027,TseTse,1499.0,4999.0,14.0,2.0,0.0,0.0,1.1316,0.3676,0.7792,,1.0,,0.6483,4.3322,0.9998,3.8755,0.285,3.50807,12.5982,LVQ
499,16.834,TseTse,1499.0,4999.0,14.0,2.0,0.0,0.0,1.1316,0.3676,0.7792,,1.0,,0.6483,4.3322,0.9998,3.8755,0.285,3.50807,12.5982,LogDisc
500,0.831,TseTse,1499.0,4999.0,14.0,2.0,0.0,0.0,1.1316,0.3676,0.7792,,1.0,,0.6483,4.3322,0.9998,3.8755,0.285,3.50807,12.5982,NewId
501,12.886,TseTse,1499.0,4999.0,14.0,2.0,0.0,0.0,1.1316,0.3676,0.7792,,1.0,,0.6483,4.3322,0.9998,3.8755,0.285,3.50807,12.5982,QuaDisc
502,3.325,TseTse,1499.0,4999.0,14.0,2.0,0.0,0.0,1.1316,0.3676,0.7792,,1.0,,0.6483,4.3322,0.9998,3.8755,0.285,3.50807,12.5982,RBF
503,2.286,TseTse,1499.0,4999.0,14.0,2.0,0.0,0.0,1.1316,0.3676,0.7792,,1.0,,0.6483,4.3322,0.9998,3.8755,0.285,3.50807,12.5982,Smart
504,11.893,Vehicle,846.0,846.0,18.0,4.0,0.0,0.0,1.5392,0.4828,0.842,0.8189,0.4696,0.9139,0.8282,5.18,1.9979,4.2472,0.3538,5.64698,11.0045,Ac2
505,1.874,Vehicle,846.0,846.0,18.0,4.0,0.0,0.0,1.5392,0.4828,0.842,0.8189,0.4696,0.9139,0.8282,5.18,1.9979,4.2472,0.3538,5.64698,11.0045,Alloc80
506,4.643,Vehicle,846.0,846.0,18.0,4.0,0.0,0.0,1.5392,0.4828,0.842,0.8189,0.4696,0.9139,0.8282,5.18,1.9979,4.2472,0.3538,5.64698,11.0045,BackProp
507,33.235,Vehicle,846.0,846.0,18.0,4.0,0.0,0.0,1.5392,0.4828,0.842,0.8189,0.4696,0.9139,0.8282,5.18,1.9979,4.2472,0.3538,5.64698,11.0045,Bayes
508,9.856,Vehicle,846.0,846.0,18.0,4.0,0.0,0.0,1.5392,0.4828,0.842,0.8189,0.4696,0.9139,0.8282,5.18,1.9979,4.2472,0.3538,5.64698,11.0045,BayesTree
509,9.449,Vehicle,846.0,846.0,18.0,4.0,0.0,0.0,1.5392,0.4828,0.842,0.8189,0.4696,0.9139,0.8282,5.18,1.9979,4.2472,0.3538,5.64698,11.0045,C4_5
510,6.924,Vehicle,846.0,846.0,18.0,4.0,0.0,0.0,1.5392,0.4828,0.842,0.8189,0.4696,0.9139,0.8282,5.18,1.9979,4.2472,0.3538,5.64698,11.0045,CART
511,10.508,Vehicle,846.0,846.0,18.0,4.0,0.0,0.0,1.5392,0.4828,0.842,0.8189,0.4696,0.9139,0.8282,5.18,1.9979,4.2472,0.3538,5.64698,11.0045,Cal5
512,10.589,Vehicle,846.0,846.0,18.0,4.0,0.0,0.0,1.5392,0.4828,0.842,0.8189,0.4696,0.9139,0.8282,5.18,1.9979,4.2472,0.3538,5.64698,11.0045,Cascade
513,28.917,Vehicle,846.0,846.0,18.0,4.0,0.0,0.0,1.5392,0.4828,0.842,0.8189,0.4696,0.9139,0.8282,5.18,1.9979,4.2472,0.3538,5.64698,11.0045,Castle
514,13.359,Vehicle,846.0,846.0,18.0,4.0,0.0,0.0,1.5392,0.4828,0.842,0.8189,0.4696,0.9139,0.8282,5.18,1.9979,4.2472,0.3538,5.64698,11.0045,Cn2
515,48.874,Vehicle,846.0,846.0,18.0,4.0,0.0,0.0,1.5392,0.4828,0.842,0.8189,0.4696,0.9139,0.8282,5.18,1.9979,4.2472,0.3538,5.64698,11.0045,Default
516,0.081,Vehicle,846.0,846.0,18.0,4.0,0.0,0.0,1.5392,0.4828,0.842,0.8189,0.4696,0.9139,0.8282,5.18,1.9979,4.2472,0.3538,5.64698,11.0045,Dipol92
517,5.376,Vehicle,846.0,846.0,18.0,4.0,0.0,0.0,1.5392,0.4828,0.842,0.8189,0.4696,0.9139,0.8282,5.18,1.9979,4.2472,0.3538,5.64698,11.0045,Discrim
518,14.174,Vehicle,846.0,846.0,18.0,4.0,0.0,0.0,1.5392,0.4828,0.842,0.8189,0.4696,0.9139,0.8282,5.18,1.9979,4.2472,0.3538,5.64698,11.0045,ITrule
519,12.056,Vehicle,846.0,846.0,18.0,4.0,0.0,0.0,1.5392,0.4828,0.842,0.8189,0.4696,0.9139,0.8282,5.18,1.9979,4.2472,0.3538,5.64698,11.0045,IndCART
520,10.182,Vehicle,846.0,846.0,18.0,4.0,0.0,0.0,1.5392,0.4828,0.842,0.8189,0.4696,0.9139,0.8282,5.18,1.9979,4.2472,0.3538,5.64698,11.0045,KNN
521,15.477,Vehicle,846.0,846.0,18.0,4.0,0.0,0.0,1.5392,0.4828,0.842,0.8189,0.4696,0.9139,0.8282,5.18,1.9979,4.2472,0.3538,5.64698,11.0045,Kohonen
522,11.16,Vehicle,846.0,846.0,18.0,4.0,0.0,0.0,1.5392,0.4828,0.842,0.8189,0.4696,0.9139,0.8282,5.18,1.9979,4.2472,0.3538,5.64698,11.0045,LVQ
523,3.421,Vehicle,846.0,846.0,18.0,4.0,0.0,0.0,1.5392,0.4828,0.842,0.8189,0.4696,0.9139,0.8282,5.18,1.9979,4.2472,0.3538,5.64698,11.0045,LogDisc
524,12.056,Vehicle,846.0,846.0,18.0,4.0,0.0,0.0,1.5392,0.4828,0.842,0.8189,0.4696,0.9139,0.8282,5.18,1.9979,4.2472,0.3538,5.64698,11.0045,NewId
525,0.0,Vehicle,846.0,846.0,18.0,4.0,0.0,0.0,1.5392,0.4828,0.842,0.8189,0.4696,0.9139,0.8282,5.18,1.9979,4.2472,0.3538,5.64698,11.0045,QuaDisc
526,12.789,Vehicle,846.0,846.0,18.0,4.0,0.0,0.0,1.5392,0.4828,0.842,0.8189,0.4696,0.9139,0.8282,5.18,1.9979,4.2472,0.3538,5.64698,11.0045,RBF
527,5.458,Vehicle,846.0,846.0,18.0,4.0,0.0,0.0,1.5392,0.4828,0.842,0.8189,0.4696,0.9139,0.8282,5.18,1.9979,4.2472,0.3538,5.64698,11.0045,Smart
