,oz26_num,oz1_num,oz2_num,oz3_num,oz4_num,oz5_num,oz6_num,oz7_num,oz8_num,oz9_num,oz10_num,oz11_num,oz12_num,oz13_num,oz14_num,oz15_num,oz16_num,oz17_num,oz18_num,oz19_num,oz20_num,oz21_num,oz22_num,oz23_num,oz24_num,oz25_num
0,0.60007526,-0.011033476,-0.62530944,-0.76458436,-1.4945029,-0.7797616,1.0905346,0.34641902,1.3314979,-0.036023468,1.1664695,1.0176728,-0.93195213,1.308632,0.47069656,-0.17696023,-1.1622053,-0.21609093,0.44401031,1.7028248,0.71833358,1.0306505,0.51180674,0.86173028,0.69920838,-0.42551327
1,-0.54273646,0.58260804,0.091796663,0.29329445,-0.42599467,0.34535139,1.9452251,1.286948,1.2034168,0.84866991,0.4350664,-0.41317234,-0.30829517,1.8199459,0.69612208,-1.5775881,1.4501371,0.37026146,0.73842491,-1.5012984,0.72400256,1.3570788,1.4953012,0.53738105,0.21877193,0.94176889
2,0.70389522,-0.22400015,-0.41438658,-1.0909389,-1.1760433,-0.93961564,0.65983439,0.93057395,-0.092280425,-0.1127354,0.19534151,0.69492869,-1.7504768,-0.84828658,1.3352682,1.1085406,1.3765458,0.36636286,-1.0856525,-1.2239719,0.34543566,-0.98058044,1.4520164,0.041189057,-0.20260225,0.3967466
3,-0.42397466,0.9700214,1.4974245,0.80305827,-0.24742919,0.99646077,-1.2551606,-1.1727186,-1.3681236,-0.37449,1.3928204,-0.20481817,-1.2095052,-1.3550123,0.50693057,-0.56224456,-0.3310234,0.44560621,0.093469348,-1.3315889,-0.19851039,-1.1079216,-0.88193368,-1.2571688,-1.354514,-1.6056073
4,0.059986277,-0.29942813,0.16761492,-0.81202088,-1.6308814,-1.1521842,0.59116108,0.83666255,0.85983876,-0.54293582,-0.9783806,1.1933419,1.5436369,0.42247942,0.089412671,-0.73819441,-0.20874553,1.3678206,-0.80652669,0.51674897,1.4231907,-1.0484511,-0.25410527,0.19650651,1.0246617,-0.38733251
5,-0.46588342,-1.4805205,-1.2493851,-1.1366542,-1.3181189,-0.85551388,0.48437894,0.078528176,-0.31599069,-0.043946353,1.0012875,1.7343744,-0.43930168,-0.21340926,0.01857452,-0.61625329,-0.21883784,1.0215219,1.3605174,0.67404944,0.57031132,0.42466824,0.11247742,1.0051228,-0.10301868,-0.29906107
6,0.63800305,1.638388,0.99488925,1.9352761,1.2477454,2.6628396,-1.4832405,-1.3693593,-1.0303422,-1.244245,-1.488559,-1.6155324,1.7237419,-1.3543621,1.4757474,-0.19973249,0.94433005,-1.7012876,0.64201507,-0.7043088,-1.0890727,-0.23543026,-1.4446409,0.93875836,0.34716771,1.3596129
7,0.38472715,-1.349828,-1.2886911,-0.70167034,1.4019037,-1.0331468,1.0297992,0.20713188,1.3529312,0.68346718,0.0042253591,0.61261896,-1.0278412,-1.503497,0.59614015,-1.6672388,0.45062716,-1.5496339,-1.632176,0.0020155885,-0.80316823,0.70268134,0.63461451,0.3895821,1.0841282,-0.21592975
8,0.612468,-0.16076643,-0.79916977,-0.17539882,-0.48556388,-0.18889695,0.01641161,-0.27707659,0.68996552,1.0806906,0.75913377,-0.59940721,-0.76208239,0.11823709,-0.639094,0.9945328,-0.97887082,-0.35770877,1.1287461,-0.84025053,0.69155041,0.25203504,-0.091237267,-1.1988602,-1.0968132,0.38094377
9,0.25505532,1.7690996,1.6224821,-0.2974437,-1.5103729,-0.028502615,-1.5410503,-0.17320736,-1.6735528,-1.5897939,-1.2925298,0.61463093,-0.21993219,1.8676126,-1.2816113,0.73464593,1.1074871,-0.35133535,0.53072013,-0.32506818,-0.76818103,0.78394914,0.28551018,1.4518552,-0.075618163,1.5814048
10,0.71919434,-0.68398227,0.1423742,-1.168793,-1.3741038,-0.99042942,1.1448107,0.94491382,1.3875439,0.1444444,-1.2659767,0.57693471,0.65881764,-1.0661966,0.7588814,0.39386555,-0.39125746,1.1211018,0.043442011,1.1747518,1.5974881,1.103173,0.30691977,-1.6933445,1.440507,-0.096580053
11,0.1698299,0.3444995,-0.027515402,-0.85388242,-0.29829254,-0.68009007,-0.40311222,-0.1289494,0.55601039,-0.88733166,-0.22358436,0.94120522,0.0056811692,0.22755386,1.5329688,0.29609529,1.6373127,0.52614289,0.30123923,0.66581415,1.063165,-0.76756924,0.039504751,-1.3374965,1.0297311,0.69227146
12,1.2947458,-0.14183569,-0.57682798,0.79324146,1.4195301,0.1726554,1.1722891,0.37740488,0.59937642,0.31525651,1.1538478,-1.3129481,1.0786412,-0.099916155,0.25453659,-1.3144174,-0.031008856,-1.0389021,0.64283877,-0.26442402,0.25119232,-0.22868936,-1.5959967,-0.46721375,0.51160007,1.7589797
13,-1.3425521,0.99649061,0.23552345,-1.1678848,-1.5729876,-0.78222422,0.71568382,0.078314277,1.3217718,1.6515087,0.17150881,-0.94768212,1.7082569,-1.2369556,-1.0076236,1.1586436,1.2980797,0.066730051,1.3747862,0.082835623,0.16766028,0.86659901,1.5080751,0.46723017,1.0278151,0.5360263
14,-2.1333783,0.9388794,0.97898293,-0.70006536,-1.1680481,-0.49018142,-1.3317622,-1.6561503,-1.0761692,-1.3916245,-1.4952359,-0.23328711,-1.0754794,0.63517977,0.61050924,-1.253647,0.70948107,-0.30884118,0.40884338,1.3419556,-0.14760491,0.98771821,-0.38853878,-1.3371992,-0.51275318,0.56105233
15,1.0981491,-0.62410226,-0.69572176,0.16360147,1.2008035,-0.030879106,-0.86492178,-1.0141937,-0.32715597,-0.99127481,1.4271254,0.76055269,0.37029366,-0.30874426,0.63142481,1.176943,-0.020811646,-1.5238253,-0.89426911,0.24082914,1.30714,0.14051231,-0.88587151,-0.92860914,-0.094206043,-0.64697099
16,-0.98391296,-1.6128227,-1.6709344,-0.60234564,-0.96603,-0.88395097,2.4670902,0.92032114,1.2472507,1.3093224,1.5225316,-1.3814841,0.42501262,-1.1454865,-0.86866589,1.5716143,-1.1002984,1.7042169,1.0085962,1.7789335,0.45980113,0.20080509,-1.2846107,-0.56750198,0.076292982,-0.81393255
17,-0.63235369,0.94504,1.4007095,0.89618437,0.74658056,0.86715724,-1.2523455,-0.78883564,-1.5902715,-0.60084243,0.59230927,-0.79538798,-1.4541758,-0.7869845,-0.19417461,0.77836217,-0.621297,-1.7587757,0.84646958,1.5556022,-0.15942015,1.3206622,-0.40414451,-0.29233356,-1.2685329,-1.4122562
18,0.6019693,-0.48147187,-1.2088198,-1.0136239,0.48868057,-0.86350836,-0.60933123,-1.3525699,-0.88208975,1.0240429,-1.3999745,-1.4667696,-0.73585978,-0.37192727,0.76853134,1.4329262,1.65465,-0.44798774,-1.0393944,-1.5083866,-1.1818535,-1.2809231,0.7197609,0.20016144,-1.0963151,1.8536807
19,-0.28580199,-1.3248058,-0.80620279,-0.2505815,-0.59179175,-0.78766152,-1.3435158,-1.0695734,0.2215005,0.54246903,-0.60418117,1.3684473,-0.081894037,-0.84798901,1.2847494,-0.89408005,-1.0321771,0.69696245,1.4933147,-0.90142886,-0.48610179,-1.6828009,0.29578665,-0.77304516,1.2007436,-1.0740128
20,0.93896057,-1.0202816,-1.449582,-0.98604546,1.549121,-0.54341747,-0.30251851,0.55443801,-1.5616369,-1.1225419,0.091014458,-0.72948718,-0.20071205,0.0021451121,0.80857148,0.86710045,-0.110179,-0.69955228,0.24652545,-0.99571231,1.398949,0.41138008,-0.40286981,0.73399114,1.674399,-1.4109634
21,1.5814421,0.0064708312,-0.36341419,0.036480952,1.4326996,0.23789984,-0.81217229,-0.87466572,0.79752526,1.2477162,-0.064509754,-1.0723848,-0.24898556,-1.6799518,-0.36971678,0.9188597,0.5845495,-1.2778225,-1.2757989,-0.61406801,-0.075684392,1.051004,-1.1648139,1.6034937,-1.3907387,1.372011
22,0.41345249,1.5359768,1.4908112,0.039359038,-0.78496182,0.30017795,0.53170831,-0.014729802,1.1060564,0.39658311,1.0384354,0.4255975,1.6601582,1.0010477,-0.79524373,-1.1982997,1.0260265,1.5151295,1.2294547,1.4350044,0.1587733,0.76670295,0.59350299,0.17629201,0.62385274,-1.1763069
23,0.030140992,-1.1763668,-1.2703742,-1.7286924,-1.4619303,-1.1558512,-0.81429101,0.13065597,-0.27397554,1.5087054,-1.2316062,1.7267226,1.5560018,-0.85441632,0.89362541,0.78332749,1.0596718,-0.97732947,0.71329049,-0.49018629,-1.391501,-0.78757891,-0.48939803,1.150066,1.477301,0.59293809
24,0.46985957,1.5906604,1.659194,0.044109592,-1.0363849,0.0032478195,-0.63124919,0.93113755,-0.27215364,1.6997724,-1.2457472,1.3537076,-0.93977122,1.0506447,-1.4533984,0.59739405,1.0787292,-0.021912791,0.40718907,0.72460577,1.2034386,0.29067155,-0.1435697,-0.36486025,0.12681647,1.502664
25,0.58989008,-0.18677561,0.01250478,-1.1269568,-0.80227766,-0.97480556,-1.2264061,-1.1310125,-0.98799913,-0.30128349,0.19138822,-0.053798567,0.80898016,1.2090569,1.6982006,1.415783,-1.6169105,-0.56289889,-0.060012153,1.1266931,-1.0724347,-0.09299485,-0.10167726,0.072277351,0.63982995,-0.85848179
26,0.48698729,-1.1442592,-1.3621694,-0.64990843,1.2195604,-0.57156831,-0.20026779,0.20432016,-1.4221491,0.54565808,1.5592565,0.47335783,1.4287209,0.25891616,0.78261221,1.5972248,-1.4356968,-0.16526749,-0.29494962,1.464417,-0.042594725,-0.15098115,1.5749865,-0.5006487,0.34009093,0.18112712
27,0.65186161,-0.93762966,-1.3433936,-1.0860787,1.193817,-0.57198968,1.7453443,1.5492373,-0.33226919,0.23840182,0.76584244,-0.60021934,0.059867925,1.3140911,-1.2714882,-0.25959667,-0.97065713,0.70852508,-0.55950917,0.55218116,-1.28846,0.10888312,0.34317994,-1.1206283,0.68950029,0.72020905
28,1.2028754,-0.47479799,-0.38212862,0.50425506,1.054225,-0.16961458,0.69236158,0.29539387,0.59190969,1.5797966,0.16343484,1.7125524,-0.32956321,0.3877373,-0.46490551,0.96969868,-0.50877645,0.19991402,-0.18702894,1.7145084,1.1376689,1.2232268,-1.0295161,1.5737553,1.479826,1.2444365
29,0.51541508,-1.0413533,-1.1637224,-0.17220376,1.498416,-0.48416476,0.44939059,-0.40804622,1.4623772,-1.122502,0.37282136,0.30786364,-1.4793693,-1.0587252,0.6838786,1.6534381,-0.22790544,-0.18249383,1.5086355,0.86992411,0.94287372,1.5053413,-0.064760761,0.24937672,1.4424295,-1.1666914
30,0.63100841,0.25567074,-0.34506318,-0.21709071,-0.74310053,-0.27547954,-0.1584969,1.1983737,-0.96530458,-0.64463058,-0.34508057,1.4906754,-1.2238309,-0.099091994,-1.4269826,1.3294757,1.3182517,1.0712346,-0.48550008,1.6289771,0.7568196,0.36567286,1.6001165,-0.74587817,-1.4678777,1.5614555
31,-2.095715,0.48715519,1.4477361,0.31278635,-0.70073043,0.16404471,-0.11003072,-0.33496046,1.5582741,0.83657893,-1.3945329,0.31493571,1.4913301,-1.2595703,1.5436296,0.39790108,1.2922772,0.34298297,-0.22228872,-1.1385476,0.28165507,0.52819556,-0.56323598,1.2259277,-1.5135352,0.29038125
32,2.8006786,1.8576608,1.607071,2.644657,1.3217507,3.5197853,0.49674569,0.58310167,1.470821,0.66846939,-1.2079946,0.78778359,-1.723564,1.4665405,-0.35143594,0.71084965,0.48757585,0.87498834,-0.95604828,-0.76809231,-1.3535779,-1.5094241,0.0031108744,-1.5901947,-1.0452983,0.35648931
33,0.90357111,0.077509713,-0.80868202,-0.75111182,0.29883187,-0.81691906,-1.5996772,-1.4127322,-0.6405686,0.14955378,-1.2150012,-0.87931673,0.27091604,0.37366908,1.5319648,-0.61191289,0.5176043,-1.4829931,0.68942481,-1.4292233,-1.167573,-1.2977716,-1.3342607,0.78496097,1.1851929,-1.4268838
34,1.1760684,-0.098910068,0.2018882,1.0387108,1.3467243,0.43517846,-0.91964997,-0.33127732,1.2017977,1.2515268,-1.6586813,1.2876217,-0.71528724,1.7216258,0.77061997,-1.0763585,-0.58253604,0.96092651,0.71405579,1.4054431,-1.2460175,-1.5495562,-1.3260048,-1.0737657,-0.99582376,1.2622153
35,0.75050348,0.28145924,0.14719703,0.3841999,1.3571403,0.20391614,-0.18203292,0.25843756,0.35975217,0.51659199,-0.31014984,-1.4472357,-1.1526649,-0.54462393,0.53067393,0.12436316,-0.5763758,0.38809509,-1.0364389,-1.2980411,0.060179403,1.6101191,-1.3144359,-0.27524571,0.38842374,-1.6363914
36,-1.7494583,0.17171922,0.88835939,-0.29383366,-0.88900457,-0.5427946,0.24793653,0.15251556,-0.42450622,1.0418123,1.4299551,-1.4715091,1.031147,-1.1503316,1.7276192,0.29824581,-1.376914,1.3995585,1.6206111,1.3994714,-1.1331908,-1.7773657,0.82131206,1.203968,1.5230889,-1.4181638
37,-2.156304,0.3686666,1.3960429,-0.65067279,-1.4757006,-0.64073964,-1.0438795,-1.0596982,-0.89930659,1.1989523,0.44253433,0.45170155,1.4538001,0.11378304,-0.20065204,0.38857637,1.0683142,0.49308377,-0.30085242,-0.35466932,-0.94574903,-0.69182479,1.5289287,1.1041079,-1.0571817,0.80953346
38,-1.587712,1.0258581,0.4684148,0.31154924,-0.029484384,0.38501286,-1.1117639,-1.49482,-0.30489634,0.27593584,-0.66630726,0.29768328,1.4210359,-1.525547,0.10692528,-1.3290678,-0.74924808,-0.065682178,1.0426889,-0.99454446,1.3470069,-0.031028178,-1.1547165,-0.3237643,1.2336889,0.54872088
39,-2.5650289,0.76833688,0.8837671,-0.33733449,-1.4019241,-0.030101037,0.82024536,1.3716294,1.092292,-0.46769287,-1.5771364,-0.44161918,1.117552,-0.78406661,-0.18088908,-0.18770376,1.7898596,0.75642966,0.49406281,-0.1121846,-0.67573015,-0.73629149,0.55475917,1.0857773,-1.5670908,-0.62296482
40,-0.12740753,0.5255867,0.29921601,0.86653381,1.0424184,0.63168784,-0.60245877,-0.46160616,-1.5553529,-1.5665827,0.9072535,1.069763,-0.13222246,-0.23123319,-0.96650026,1.1293204,-0.35964271,0.29807163,1.3512546,-0.81787353,-1.0966536,0.48908178,-0.85150925,-0.65281207,-0.33486529,-1.5746852
41,0.85689453,-0.99827547,-0.095988561,1.1365644,1.0433633,-0.15254879,0.010543306,-0.047986925,-0.68689005,-1.590644,0.86569119,-0.76385199,0.65288841,-0.89172223,1.7296378,1.6377103,0.78717888,1.7472324,0.8974444,0.90999804,-0.52878449,0.54660946,1.1811198,0.4683182,-0.74937054,1.3412065
42,-1.6407696,0.70338738,1.0102735,1.1276986,0.29593935,0.71222573,1.3248669,0.33629857,0.63006388,-1.45847,1.2562204,0.58455337,-0.67834136,1.5777829,-1.1706084,1.1058583,-0.85443596,0.50062004,-0.46792811,-0.80296728,-1.3161721,-0.38542504,-0.29132988,-0.086400916,0.20647291,-0.12169992
43,-1.3879883,1.3832004,0.92241108,0.38889936,-0.5343282,1.1201069,1.6502287,1.422244,1.4963503,1.3519522,-0.6821006,0.44584365,-1.460399,-1.5036298,-0.38688898,-0.31575047,1.6101275,-0.57503037,-0.35564757,-0.55414565,1.4451829,-1.3427809,-0.062706883,0.73433844,1.4412528,1.2158994
44,1.2339583,-0.067692246,-0.41412384,0.72039117,1.5327227,0.15397456,1.7047522,0.85202023,1.464919,-0.8018391,0.43830182,-0.067949769,0.67465272,0.4876329,-1.4844822,0.88927132,0.14893462,1.56323,1.170051,0.40015762,0.027232991,-0.048523896,-1.2266178,1.2314349,-1.5334651,0.98181179
45,0.59181483,-0.25004698,-0.85571242,-1.184779,-1.1307144,-1.0339231,-0.42839422,1.6232875,-1.3901739,1.3288435,-0.97024495,-1.1216561,-0.99804295,1.2339531,-0.98644278,-0.067649964,1.7851674,0.88158885,-0.39346366,-1.5316817,0.35396794,0.64442418,-0.47622055,-0.88558752,-0.28626714,-1.1424888
46,0.58588162,-0.46848362,0.0063846314,-0.66170634,-1.089608,-0.69563073,-0.80758812,-1.1104123,-1.5923688,-1.6842952,0.58775183,0.66517365,-1.7570605,-0.00062949709,1.4586385,-1.6596991,-1.0547843,0.17458746,-1.080117,-0.14268379,1.6128566,-1.7570791,-1.0053524,0.28400529,-0.60633049,0.15778978
47,1.2542669,1.9129755,1.5721562,0.82537785,0.24543071,1.2284679,-0.76224824,-1.4668839,0.063356505,1.256188,0.55118055,1.3460362,0.36439434,-1.3979242,0.51449888,-1.3934017,-1.0576159,-0.1497025,-1.201529,0.75001967,0.37991962,0.43003154,0.62560273,0.85607049,-0.92637857,1.7947197
48,0.69938383,-0.66423633,-0.23313643,1.2775956,0.33865753,-0.15802018,0.045293874,-0.47234273,0.73279094,0.58498178,0.38462093,1.6674987,-0.44215855,-1.1110987,0.05205593,-1.3904401,1.2492393,0.97142674,1.6938062,-1.2105275,0.35260544,-0.78971778,0.50581214,-1.2514923,0.23724781,-0.68733594
49,-0.49450392,0.21450714,0.78519935,1.4118401,1.2161233,1.1457389,2.8510435,1.4774928,0.78049342,0.65167168,1.6413531,0.34568789,-0.11222486,0.42621038,-1.3840245,0.54922408,1.2228066,-0.99256433,0.85635901,-0.72038564,1.0223701,1.6891978,1.6765219,0.055265357,-0.4815736,1.4269034
50,-0.25457764,0.90778024,1.7348769,1.1481915,-0.31794996,1.0003057,-1.4084003,-1.3778804,0.060172473,-1.4818352,-1.2994314,-0.18695562,-0.71509291,1.2088828,1.5652866,-0.82336967,0.83554266,-0.18653681,1.2670827,1.1179092,0.030018745,-0.073322115,0.17190704,1.3303056,0.30168194,-1.1566297
51,0.20231992,-1.8691942,-1.4400256,-1.1492399,0.64070896,-0.98058699,-0.42887938,0.82684904,-1.4352886,1.0632735,0.24347444,0.2647952,-0.62186872,-0.41260099,-1.1330823,0.63193983,-1.3031145,-1.2039855,-0.58185017,-0.67430213,0.18441473,-0.0086128312,-1.1895523,0.0012570805,-1.3490877,0.87645383
52,0.88488663,0.046109643,-0.10869387,0.17751232,0.32045153,-0.20946772,-0.73068017,-1.0308061,-0.0031101272,1.2056078,-1.1817548,-0.2813887,0.28553228,1.0661021,-0.51400612,-1.29913,-0.31601097,0.69750519,-0.47343223,-1.0575472,0.84706242,1.0460832,1.4021959,1.3054144,-0.66733985,0.98099095
53,1.6564945,-0.066349077,-0.64164504,0.31729321,1.3582847,0.12361138,0.17219447,0.16691448,-0.73103169,-1.3507828,0.88205377,1.3149957,-1.0110792,0.94314507,-1.2114191,1.47254,1.6712452,0.98249688,1.1671512,-1.1019965,-0.62707246,-0.32429302,-1.5552947,-0.73974584,0.36611352,-1.0200776
54,-0.10791678,0.48810106,0.14465664,0.88195764,0.45869728,0.74010761,-0.26664513,-1.126366,1.3057829,-1.2468214,0.68201059,-0.6613049,0.22579536,-1.141461,0.79887725,-0.50340765,0.95620566,1.6601572,0.75290592,1.2366761,0.66039911,1.5027396,0.68205039,-1.3339793,1.1892127,-0.34058638
55,-0.18723151,-1.221957,-1.136439,-0.84598598,-0.0079493869,-1.0630781,1.335449,0.93218466,1.0729789,-1.6201084,-0.20359673,-1.5213834,0.92891865,-0.63375505,0.26297987,0.050858431,-0.68686139,1.5992483,-1.6222811,0.11525676,-1.0177692,1.4918297,-1.0007277,1.0151249,1.0932053,-1.6108998
56,-0.46839292,-0.78142786,-1.3929382,-0.49135659,-0.78220055,-0.10809455,-2.0978353,-1.6047852,-1.5789101,-1.1644627,0.48957577,0.45015731,0.33128927,-0.54731653,1.4735864,0.87796831,-1.3413716,-0.74568019,-1.6515851,-0.90714122,-1.3756062,1.4774546,0.44574374,1.5284309,-0.67885172,-0.67592859
57,-0.48333265,0.93565306,1.5250802,1.6906367,0.19989766,1.5785748,-1.4073169,-1.5612515,0.99484754,-0.72454128,1.394326,-0.64945015,0.96216024,-0.20715454,-1.3499188,1.2894074,-0.20156357,0.39031622,0.65843583,-1.2899942,-1.6113006,-1.7052767,1.7281738,0.66736619,-1.035065,-0.90603662
58,1.7134594,1.5163779,1.4815945,1.9637387,0.95806363,2.6088995,0.61266565,1.3224743,-0.77702542,-0.091009975,0.59573422,0.60243954,-1.2059264,-0.78872879,-0.86112295,-1.4283134,0.0073954857,1.2496744,1.2968646,-1.1593278,-1.5278953,-1.3063754,1.523298,0.20453432,-0.093062441,0.62378877
59,1.1128154,0.74248798,1.7493028,2.7212544,1.4094358,2.5833306,-1.4403305,-0.93641377,-1.3120682,1.1306751,-0.54441701,1.7437977,1.0270406,-1.3004652,0.12465558,0.55867344,-0.79884792,0.50549026,-1.6868116,0.60974394,0.070408149,0.45461448,-0.30966059,-0.45334584,0.37361486,-1.3014303
60,0.0057039269,-0.13165142,0.38105566,0.47515855,0.37915609,0.19331612,0.11045042,-0.31590084,1.4668306,-0.80928363,-0.61338495,0.25351869,0.99321936,-0.4856941,1.6505911,1.4606069,0.86417543,1.3339227,-0.52644515,-1.0604905,0.84842671,-0.64828545,0.56835126,-1.271194,-1.5041377,-1.0423346
61,0.060427269,-0.90630078,-1.000402,-1.0009652,-1.4516414,-0.59119112,0.58497153,1.0961383,-0.74696843,0.60906694,1.1032377,1.7911354,0.71167014,-0.84356705,-0.53281051,-0.83022494,0.011711059,1.627919,0.37973049,1.261817,1.4956273,0.92993562,0.10865323,0.62357631,-1.4676436,1.4300013
62,0.75601029,0.3454971,0.22220955,1.7404793,1.3501188,1.0298267,-1.3898738,-0.78440398,-1.3723397,-1.4574329,0.035678076,-0.60556287,-1.3260478,-0.0022312445,1.837619,0.4978478,-0.84401689,-0.87145881,0.89020544,1.7941222,-1.302327,0.7051444,0.69063556,-0.87202113,-1.4695831,-1.1578011
63,0.93309228,-0.44878177,-0.023001813,0.054348575,0.12599262,-0.17480592,-0.35478265,-0.50545523,0.05976689,-1.258456,1.6407897,-0.28618512,1.5956798,-1.1768571,-0.12615265,-1.5728203,-1.7147441,-0.056198443,-0.59832314,0.48747229,-0.0012575723,0.52488042,-1.1316285,0.13876872,-0.52102415,0.56264865
64,2.1698872,2.1363807,1.5565789,2.2410671,0.94808223,3.4053643,0.84080372,0.4409958,0.60644838,0.5958501,0.40223035,0.89281777,1.5315637,-1.7031844,-1.4508341,-0.24327563,0.36304538,1.7369866,0.92369198,0.7573494,0.30280791,-0.96113612,-0.36536162,-1.6287739,-0.080835538,-1.6083159
65,-0.70139097,0.82437,1.6823506,0.23930831,-0.42133928,0.35526334,0.53660148,1.7478024,0.026572157,-0.64152735,-0.60089731,0.17467721,-0.90128909,1.3948248,1.8037225,0.71556957,-0.87156719,-1.1109236,0.72418052,-1.5654689,1.5387554,0.92862311,0.92342433,-1.66819,-1.3540452,-0.12108468
66,1.5131099,-0.1587136,-0.49228097,-0.4815863,1.5277848,-0.24731237,-0.55670366,-0.44339566,-1.5836659,1.4623735,0.11041733,1.6339966,-1.2926697,0.15385605,1.3265917,-1.6652281,-1.4023912,-0.18366123,1.2369667,-0.6142755,1.598433,1.2309361,-1.1883628,-0.1376079,0.36491199,-1.2244896
67,0.7775051,-0.74739771,-0.31281968,-0.088341899,0.068794458,-0.63338701,2.1193777,1.3873305,0.59682113,0.89215147,0.81800329,-0.68780563,-0.099688892,1.4056758,0.88946992,1.3555947,-0.99972455,1.0844917,-0.40971842,-0.28471926,-1.4143537,1.328081,0.37918004,-0.63415901,1.276022,1.3181287
68,0.56535829,1.303049,1.4283353,1.1527556,0.25164091,1.6862313,0.46736411,1.0701661,1.4560429,-1.3760196,-0.76944161,0.74552762,1.08087,-0.89399676,0.8660318,-1.2853515,-0.64195665,-0.641599,-1.4230812,-1.0318597,0.85496898,-1.4955276,1.4477905,-1.2220621,-1.6247298,1.2374803
69,-1.8261895,0.99667456,0.74905434,0.11404075,-0.44191178,0.61500125,-0.48412306,-0.79572534,0.21628052,-0.28424806,-1.7307353,0.62940082,-0.72091861,-0.10036546,-1.5966583,-1.3669833,0.023036394,-0.052796761,1.2376392,0.98949732,0.18684923,1.5239411,1.7105039,-0.63615393,0.71195204,0.28406722
70,0.63732729,-1.1761617,-0.86360708,-1.1472133,-0.19205434,-1.0059653,1.5666254,1.499616,1.3181333,-0.71936061,-0.54547077,-1.4205354,-1.4859363,-1.2653684,1.5450559,0.5638895,0.80587355,-0.77938699,-0.10593353,1.310077,-1.3716545,0.25233675,-0.69425676,-1.0117741,0.29128504,-0.78003044
71,0.83008299,0.096546746,-0.091710935,-1.4853061,-1.4407707,-1.4325866,2.7757487,1.5225913,1.387591,0.27626914,1.317296,0.77242506,0.76382168,0.33326662,-0.78885848,1.5623802,1.2128726,0.71184872,-0.32804502,1.6696459,-1.6458853,-0.15162112,-1.3208541,0.60145612,0.73571413,-0.44027428
72,-1.2252891,0.83988304,1.3902767,-0.20097061,-0.60815165,0.26581481,-0.95909707,-0.79216707,1.3269613,0.89956757,-0.6186925,-0.4798594,1.2963765,1.8651664,-0.43098841,-0.2094545,0.8613861,0.11913661,1.3370951,-1.4475687,0.08692904,-0.19076087,-0.89769808,1.5389987,0.32939682,-1.2165964
73,2.023516,1.3833967,1.4189925,2.7828256,1.4198124,3.1093761,-0.54617669,-0.74870626,-0.18519429,1.0883116,-1.6573239,0.78356507,0.22272969,1.5884716,0.90931404,-0.47532751,-0.27219522,0.58506311,1.000765,0.30452319,0.070079149,1.3058408,1.5278945,-1.0655347,1.1154446,-0.14342156
74,0.54290341,-0.41275704,-1.2382595,0.45470619,1.2387875,0.12673767,-0.45291818,0.03497594,-0.33652031,-0.6386207,-1.0552906,0.22018477,-0.89952907,-0.26870335,-0.21442431,-0.26032136,-1.5800028,-1.5946801,1.5333852,0.72989432,-0.36894641,-1.7687194,0.66082898,1.6612009,1.5769173,-0.5278991
75,0.089902734,-0.98477733,-1.334719,-1.3816572,-1.0617458,-0.84020732,0.66080507,0.050129712,1.237188,-0.79783326,-0.93464812,1.249264,-1.029143,1.6373346,0.15889143,0.43331712,-0.73548057,1.7495193,1.1407241,1.4933572,1.2902454,-0.89568667,-0.56078217,0.49964606,1.3386142,-0.40421277
76,-0.18989456,0.27038835,0.48942658,0.575208,1.2783283,0.21420633,1.9675862,0.57658917,1.1769832,1.3905207,1.4965327,0.28722444,1.2272218,-1.2985261,0.32937154,1.494228,0.092530878,0.79790407,-0.29401352,1.5254663,-1.5865755,-0.28449087,-0.014075025,-1.4563908,0.25463279,-0.19430632
77,0.20718828,-0.43054071,-0.90073635,-1.0824234,-1.3097692,-0.82095039,0.10242119,1.186233,-0.077501361,-1.0154732,-0.74728243,-1.0802243,1.0946873,1.1419433,-1.0829726,-1.2022805,-0.10365522,0.41485145,0.50366179,-1.2371618,0.069987213,-0.96693107,-1.3147319,-0.29675075,-0.32406819,-1.4338355
78,1.0561569,-0.44955703,-1.1273396,-0.15779692,1.7175762,-0.50917803,-0.79135263,-0.76596434,0.05856405,-0.85735878,0.88968295,0.034123849,0.91653983,-0.68535469,-0.43502604,-1.0841518,0.73006074,-1.1577019,1.3998319,0.17633448,1.2636767,-0.036229559,-1.4914608,1.1220996,1.2604876,-0.50814057
79,0.040841248,-1.4025099,-1.2649015,-0.49646635,0.19881852,-0.64781842,-0.06659844,-0.43351909,1.3137827,-0.11824823,-0.50128658,1.3972613,0.39258442,-0.16243224,-0.35502481,1.7115119,0.19827067,-1.5048725,1.551182,-0.9390063,-0.92844884,-1.0981548,-1.6125501,0.96463593,-1.3536273,-1.3009504
80,-0.30188836,-0.99360767,-1.056938,-1.0750966,-1.5356203,-0.91567134,1.5765755,1.2367714,-0.18695189,-1.6069418,1.6420945,-1.6332844,1.1590323,0.2366294,-0.46932644,-0.49747845,1.4113932,1.4885292,0.86881713,-1.3453414,-0.76171527,0.35661141,1.5579977,0.97471067,-1.0759173,1.5026322
81,0.053424619,0.27688413,0.26423544,0.31916721,0.59173016,0.17661647,-0.99800219,-1.326734,-0.7546307,-1.4008996,-1.043408,-0.14625027,0.30840913,-0.7377867,-1.571072,0.74116126,-0.4616462,-0.10621301,0.88864874,-1.0047375,1.2379063,0.71663166,0.38345045,-0.052686932,0.28054099,-0.25554836
82,-1.8306782,1.0879571,1.0933742,-1.251468,-1.3385216,-1.3176194,0.80429558,0.22913986,1.2014989,-0.29599399,0.54795563,-1.5944289,-0.15299556,1.3744627,0.82793259,-1.4442755,-1.4911896,1.6568273,-0.46183011,-0.83216134,0.068193371,-0.46242451,-1.3861493,0.037159128,-1.6420069,-1.0341057
83,1.0078481,-0.6725016,-0.63225518,-0.23922551,1.057115,-0.70930905,0.32271544,0.33379708,-0.67044045,1.5952532,1.3849411,1.389651,-1.3993127,-0.97937302,0.30667526,0.58576584,0.42740385,-0.65380262,-0.19699295,0.80853811,1.5123141,0.9997009,-0.77048208,0.22918204,1.3888697,0.14943563
84,-0.62956916,1.0975356,1.2954021,1.0040583,-0.19694603,1.2908543,1.0174667,-0.18887117,-0.042929611,-1.3510826,1.5209542,0.9533743,1.6829686,-0.40039128,-0.5160245,1.5040917,-0.1620052,0.099284053,0.70417775,-1.6054296,0.5079401,-1.2809549,-0.59381788,-0.96840223,1.5758377,0.95486759
85,-1.3464125,1.5058053,1.0001622,0.18548719,-0.8982556,0.48464126,1.2200227,1.4237257,1.4654835,0.30730285,-0.87181343,-1.4987492,1.7114828,-0.19773786,0.80161505,-0.64753954,1.2035921,-1.2175119,0.46846811,-0.081803094,0.92268674,-0.34748892,-1.6471086,-0.59989083,-0.67745427,1.6213953
86,1.4057017,-0.20940699,-0.54348536,-0.29571595,0.82590496,-0.31581069,-0.26411671,-0.62614774,-1.0577408,-0.39370015,0.51807039,0.41771562,1.7131158,-1.0819968,-1.4988716,1.3432832,0.78087025,-0.51910894,1.074627,-0.54470484,1.4177624,-1.3680627,0.30371273,-0.88299686,0.28296472,-0.78701592
87,0.11072026,-1.3441079,-1.3710549,-1.2602324,0.51219104,-1.1078163,-0.47365304,-0.47904078,-1.5301559,-1.6325381,0.86961649,-1.4990565,-0.88878407,1.5229703,-0.65537562,-0.95592573,0.95442234,-1.5544137,-1.1412677,-0.70149132,-1.3729319,-1.6910391,0.41481956,-0.47646159,1.5687566,-1.3549048
88,1.1027098,-0.24984859,-0.2336151,0.26637635,1.3327275,-0.48623942,-1.1360607,-0.40853696,-0.71094718,1.2315058,-1.1676937,-1.4609647,1.6913839,0.77269539,-0.63549769,-0.20690119,1.1255018,0.020152418,1.5468297,0.70562606,0.17753327,0.89954729,0.80938503,-0.448681,0.14048767,-0.66236564
89,0.7730266,-1.0484067,-0.40017146,0.38521666,0.86391958,-0.51195173,-0.14274074,-0.43356515,0.52898883,-1.4388537,-0.16106403,0.68577479,0.69817729,-0.11397642,-0.9361793,0.72263369,-1.1398516,-0.39122971,0.37054021,-0.37741242,0.81447986,-0.60150304,-0.302228,-1.257173,-0.89849467,1.4987443
90,-0.011371985,0.31381768,0.17463503,-1.9704308,-1.5464382,-1.441279,-0.79763865,-1.3286656,-0.75125067,0.6143129,-1.6743497,0.084877825,-0.48380314,-0.08177515,-1.0669798,-0.88147312,0.75936152,0.25100475,-1.1869493,-1.5661283,-0.37038918,-1.3901938,1.5494709,-1.376165,-1.099328,1.4050942
91,0.66887024,-0.28755537,0.082418859,-0.67084723,-0.37346112,-0.66739475,1.5222945,1.4694052,-0.42708096,1.3520329,0.88145971,-1.3530412,0.22480671,0.060094559,-0.51565188,-0.27959299,-1.2039067,-0.088642696,-1.2842001,0.012069042,-0.88347323,-1.7075422,1.2763988,0.1561269,0.77010958,-1.3813544
92,0.88221421,-0.66977552,-0.57842044,-0.14354316,0.3122034,-0.38923432,-0.57665736,0.16260179,-0.2756117,0.89114082,-1.2996108,-0.1628151,-0.16947632,-1.7227772,0.37165649,0.86867486,0.92589879,0.35589633,1.5882985,-1.4898631,1.3286034,-1.7691755,0.61434679,0.66607127,-1.4095846,-0.10722144
93,0.63702615,0.57763095,0.21203878,1.6888011,1.5383217,1.5314135,0.63442402,1.3864805,-0.33675663,-0.60192323,-0.11052313,1.6897895,-0.56995007,-0.19065261,-0.53569941,1.2891773,-1.2550302,-1.7021194,1.3889514,1.1095748,-0.2948161,-0.30808556,1.4766423,-1.5474196,1.2350177,-1.1632592
94,-1.203805,0.89780461,1.2404813,-0.045553629,-0.078845825,0.16913627,-0.58198931,-0.66031975,-1.6343424,-0.53602078,-0.31331965,0.50688539,1.0803771,0.46336575,-0.98701992,-1.1082496,1.4783213,-1.0130674,-1.3747534,1.0306321,1.593679,0.32347458,-1.1870038,-0.93033551,-0.46867763,-0.77484631
95,-1.5445842,1.129751,0.49832576,1.049499,0.34912172,1.1285906,-1.6220016,-1.4552852,0.43033246,-0.67710468,0.50468768,-1.6699836,-1.2670812,-1.6771101,-0.91613666,0.47593791,-1.2746221,-1.7219575,-0.21903906,-0.69364968,-1.5355311,-0.099472061,0.87738081,1.2758351,-0.83512049,-1.5506087
96,-1.1852128,-1.7006803,-1.6498051,-0.60473864,-1.4131787,-0.76829734,-0.78200886,-1.5294393,0.85505647,1.354931,0.98198632,-1.0166849,-0.51546886,0.81557379,-0.12061751,0.39225646,-1.7095933,1.7697916,-0.59441834,-0.67090522,0.31665017,0.11224321,1.0244512,0.38008092,-1.3328581,-1.4476251
97,-1.2525302,0.92655568,0.7692094,0.46337937,1.4001852,0.58112462,-0.29920679,1.4827879,-1.3795087,-1.130151,-0.90709823,0.23344621,0.27335408,-1.0150236,1.1018085,-0.48162991,-0.68736318,0.095940064,-0.29644159,1.5821172,1.3730022,0.93082849,0.99686396,-1.2434187,1.0741123,-0.35322469
98,-0.33916109,0.12930227,0.56318117,1.1310153,0.78446824,0.63417627,1.0599736,0.72071225,1.4867941,0.79459419,-1.6383249,-1.1148572,1.5458342,0.8921055,1.3316409,0.04050735,-1.5592784,0.75882046,-1.4094044,1.7655316,0.27637643,1.0485717,0.7565038,-0.44007234,-1.3547169,0.40215137
99,0.323952,-1.2687448,-0.77308333,-1.335551,-0.902265,-0.66727395,-0.43121404,-0.90240876,0.70609224,0.58541544,-0.27112031,1.1890888,1.274088,1.7828579,1.4395236,0.29291516,-1.5139202,-1.0690547,-0.53876267,-0.68780742,-0.10473341,0.22284515,0.1490555,0.0023794341,-0.86048312,0.95360468
100,-1.5698886,1.042362,1.2201006,-0.98279832,-1.4388439,-0.65059684,-1.1187941,0.47772436,-1.5909253,-1.6870676,-1.1168586,-1.5138849,1.0609452,-1.1732709,0.9041149,-1.5283319,-0.35210897,-1.6270635,-1.2828139,-1.3279112,1.3301132,0.73821694,0.19419082,-1.3139115,-0.91606298,0.64721383
101,-0.020725842,-1.3814228,-1.1953847,-0.55066091,0.32925088,-0.91917459,0.95833774,0.98449903,1.1884869,0.17059173,-1.165714,-0.93209431,-0.21347326,-1.5649508,0.92113613,-0.20789796,-1.2459843,-0.61552594,-0.032028364,-0.50490081,-1.1808139,-0.8500198,-0.1025288,1.0267877,-0.21670064,-0.30565256
102,-1.3294943,1.4542015,0.8397941,0.71803274,0.094364027,0.91600446,-0.16350871,-0.86290738,0.007760311,1.6393302,0.31177017,-0.47224448,-1.5077957,-0.338526,-0.39248732,-1.1009455,0.14655706,-1.0679864,0.12193337,0.055131978,0.50263957,0.026802646,-0.24406867,1.4838541,-0.99957845,0.2650338
103,0.3226458,2.1248955,1.7158141,0.55855835,-0.29544322,1.2517276,1.2838616,0.5413288,0.15913849,0.95984016,1.0862174,-1.3697919,-1.0247475,-0.91825075,-0.066354518,0.60598011,-1.0207412,1.3682698,1.3746079,0.77899161,-0.12873619,1.1070058,-0.60684717,-0.63687298,1.4420748,0.96596902
104,1.2274952,-0.44768198,-0.30485087,0.33111121,1.1980538,-0.12641181,0.72776636,1.0211771,-0.67218127,0.79800454,0.27462086,-1.1590303,0.50893575,-0.44414772,-0.44202344,-0.66029991,-0.86608822,0.63606447,-0.47899057,0.50194685,-1.4381968,0.97491874,1.5300968,-0.56861824,0.73275669,-0.35427532
105,-1.155,1.0299303,0.19100725,-0.6502579,-1.2324048,-0.48167698,0.12353287,-0.44351574,-0.51568979,-1.0423303,1.3146326,-1.5959837,0.2488059,1.7845829,1.4500761,-0.27246841,-1.225653,1.2901456,-0.53532695,-1.6193067,-0.72856711,-0.26765533,0.92324979,-0.92530508,-0.10337853,1.3990624
106,1.9245565,1.8931884,1.4155043,1.9529306,0.76615178,2.5274563,0.31507232,0.72247123,-1.3692997,-1.6681475,1.5490213,1.5018228,-1.3043061,0.74186669,1.4665406,-0.52684843,-1.5394614,-1.6177805,-1.3278303,-0.68873271,1.565112,1.3256852,-1.3956569,1.6421702,-0.18707219,-1.1933209
107,-1.2058017,0.32073708,0.80830269,0.71183444,0.50421026,0.50601223,0.57474925,0.71243866,-0.24514571,-0.33499922,1.0433495,0.27284076,-0.28760123,-0.52730306,1.3874492,0.9606655,-0.16436499,-0.89509124,1.366362,-0.031590755,1.4162797,0.53451837,1.4323335,0.99182031,-0.063525851,-0.14553788
108,0.081632278,-1.8895434,-1.6094722,-0.5931756,1.2411805,-0.64597785,0.63017335,0.79737685,-0.60638207,1.6760733,-0.16333515,1.3313551,0.96452252,0.4041575,-0.24332243,0.60544875,0.52365185,-0.22965325,0.64726153,-1.307409,0.33561574,0.85762463,0.27059549,-0.72398762,-0.25038084,0.28056553
109,-0.11572708,0.11657019,0.53725847,1.5399814,0.82043175,1.2161096,0.13310486,1.1258303,-0.70343512,1.4665975,-0.63292584,0.41000663,-0.57828675,-0.24259836,-1.5101716,-0.75798122,-0.59157544,1.2976012,-1.6307328,-0.49435059,0.83752892,-1.7589998,1.6149556,1.3147353,0.73335423,-1.3410088
110,-1.065863,0.6472676,0.081330829,-0.23339899,-1.622137,-0.19537416,-0.8952598,-1.6050769,-1.1533502,-1.2462389,-1.3629205,0.51347095,1.2368654,0.23355607,-1.2413775,-1.5322072,-0.26979709,-1.0721901,0.93645677,0.8939586,0.7504085,-0.81518755,-0.29869529,-0.011334899,0.73467606,-1.5736492
111,-0.080260203,0.70340096,0.024337022,0.25570879,0.55168578,0.059787917,2.0438418,1.2523057,1.1545324,-0.52106038,0.37318466,0.54523615,1.1870115,-0.20202909,0.17087844,-1.3621012,0.82429594,-1.3026716,-0.2233205,-0.43341526,1.1234386,0.9133546,-0.84785958,-0.14681115,0.43928039,-0.91223743
112,-0.60065983,0.38937821,0.7762648,1.5193242,1.2071296,1.3105087,-0.41944533,-0.45225848,-1.1928523,-0.647182,1.1802943,-1.6266061,-1.0161317,0.32462868,-1.3920993,1.6748044,-0.77459099,0.34012017,-0.73107296,0.65647864,0.62130198,-0.83407162,0.55229129,1.5132268,0.46909296,-0.55865798
113,-0.73461642,0.43138041,0.84873596,1.407338,0.98512389,1.3343322,0.31376657,0.50334822,0.81545346,-0.44147989,-0.58172411,0.8691813,0.44249477,0.33372399,0.42287489,-0.57921957,-0.1564374,1.6446843,1.3029715,-0.85332701,0.83865452,-1.5732475,0.15371668,-0.45162631,-0.66361329,-0.51803416
114,-0.71744406,1.5021765,1.0878357,-0.37907131,-0.95328174,0.10287306,-0.015645558,1.7334853,0.32717696,0.41722676,-1.668578,0.027273786,0.82421044,1.0458605,-0.91273288,-1.5900704,1.2786428,-1.4651217,-0.68149372,0.35274418,0.43140059,1.1811069,0.21566684,-1.5092574,-0.40624725,1.6972489
115,0.39726188,0.62377202,-0.12084933,-1.3073208,-0.33190168,-0.95331628,-0.85900111,-1.1122617,-0.50446298,1.2399168,0.050443331,-1.2938951,-0.3107964,-0.29056539,0.31228551,-0.50465468,1.3876322,1.1875897,-1.3954554,-0.9739548,0.6009878,1.3975394,0.54945539,-1.2975247,0.78590117,1.6937492
116,0.14227472,-1.990216,-1.6763317,-0.83674066,0.98657899,-0.7358667,-0.9314122,-0.31695298,-0.48338858,-0.50541374,-0.69557095,-0.0059474617,0.01219092,1.7725711,-0.87293561,1.6627769,1.7807449,-0.43253676,-0.25914859,-0.018494431,0.44841933,-0.7986891,-0.44811228,-0.97123239,0.64476699,1.2717356
117,-0.41032176,1.4077453,1.3861827,-0.53704405,-1.3147124,-0.29323029,-0.56234001,-0.18729661,-1.6644545,-1.0575374,-0.42818681,-1.5415267,-0.2779018,0.27195776,0.60154331,-0.80847026,-0.52243546,-1.482114,-1.5147053,0.29972695,1.1109366,-0.54926401,1.18494,-1.3651296,-1.07406,0.82021304
118,-1.9261847,1.0571292,0.46801896,0.081176608,-0.89933902,0.28996172,-0.61133192,-1.0405014,0.96405745,-0.83203067,-0.53780839,0.57114976,-0.88964157,-0.037761925,-0.5052061,1.2315689,1.2168559,1.1313659,-1.668827,-1.129221,-1.0390743,0.22519493,-0.3198857,-1.5588626,1.2677336,-1.4496751
119,0.44416397,-1.1658463,-1.0190679,-1.1296272,-0.71925858,-0.57556447,-0.095458768,1.1531273,-1.4879279,0.11363627,0.32533172,0.75674662,0.7440598,-0.060474478,-1.2209404,1.1433089,0.13940316,-0.083402766,1.3939164,-0.1080536,1.5371831,1.0024562,0.25702923,-1.6234526,-0.92718392,0.69684801
120,1.1787509,-0.1815774,-0.4768069,0.65040614,0.41578546,0.35130878,-0.041342546,-1.2113831,1.4491875,-0.66796228,0.76360638,-1.0457881,-1.1742176,-0.25132486,1.1525236,-1.2364613,-0.77261244,-0.003066821,1.5153965,-1.1545482,-0.44443746,0.76787974,-0.19151117,-0.30388375,-0.62064879,1.8130639
121,-0.67778001,-0.63183746,-1.1882535,-0.69520361,-1.4969738,-0.80219386,-1.176747,1.0656131,-1.1952483,-0.38110034,-1.5171665,-0.14397315,-0.31856038,0.68735007,0.68329009,-1.0975137,-0.23496773,1.4219119,0.56682757,0.94345479,-1.4893502,-1.0072967,-0.071753322,-0.0088515731,-1.4020913,0.51663048
122,-0.53515774,0.017175534,0.42209286,-1.1990387,-1.5624985,-1.0338945,1.0390366,0.48154496,-0.10365171,0.55046168,1.550448,1.4331781,-0.89031566,1.4185138,1.2139742,-0.94475561,-0.31351249,-1.0079229,-0.26683114,-0.75797468,0.73643245,1.2623153,1.0973525,1.7095754,-1.3762233,1.1079182
123,1.0470574,-0.23293985,-0.14700286,-0.30302854,0.49148623,-0.19181248,0.28873968,0.4141396,-0.27360275,0.1690418,-0.99713234,-0.2888564,1.2584547,-0.5848202,-0.6204012,0.38519606,1.1706595,-0.10552455,-0.90458221,-1.3261597,-1.4638984,1.3922329,-0.79191595,1.4464257,-0.60922534,-1.3294458
124,-0.019515327,-0.77110004,-1.4435713,-1.0350696,-0.30884567,-1.0580751,-0.31130861,-0.57950995,-1.1129861,-1.1948411,1.1922102,-1.547224,0.98765891,-0.54512244,-0.88906555,-0.63155259,1.4824797,-1.3899633,0.17861109,-0.76155072,-1.3978387,1.2589813,-1.3621368,-0.48199273,-0.92971054,0.29230355
125,-2.1278367,1.3150484,0.89490351,-0.085617578,-1.062154,-0.028116551,0.93774997,1.584442,-0.05219315,0.86534469,-0.20584339,-0.76989697,-1.3066074,-1.1428555,-1.2032213,-0.15004178,-0.37908084,-0.24079803,1.1406259,0.58821997,-1.5362154,-0.99375325,-0.92814895,-1.5299574,-1.0815794,-0.24974535
126,-0.83343329,-1.241543,-1.222549,-0.19634097,-1.571043,-0.42965457,-0.060470077,0.34110606,-1.0676157,-1.0447979,1.0537638,1.6965584,-1.3653479,0.63530355,-0.94696143,-0.79278296,1.7405641,0.33263749,-1.4107301,1.6429913,-1.1352695,0.92781283,-1.629445,1.020526,-1.17456,1.1186438
127,-2.1312749,0.54113076,1.0712745,0.76681603,-0.65054618,0.46828779,-0.64343675,-0.26177977,-0.25894458,1.3964925,-0.58167417,-1.6011054,-0.110981,-1.1385131,0.01040424,-0.4661141,-0.74512217,0.1378319,-1.6910698,-1.5053913,-0.2032377,-1.7203481,0.37602063,-1.655157,1.6775367,0.61232919
128,0.68939873,2.0281797,1.4102457,-0.46308492,-1.0129113,-0.17698947,1.1846138,1.576341,1.0798543,0.46539038,-1.0591727,-1.4333373,-0.26712375,0.35789411,-0.59309448,-0.0054850934,1.5029835,1.206722,-1.1287605,1.337001,-0.052916769,-0.99822697,0.99419879,0.49241662,-0.81022286,-1.5018095
129,0.17405457,-1.927473,-1.5042271,-1.4932276,-0.62368867,-0.90985206,-1.34032,-1.5671062,-0.80117105,1.3508102,1.3343549,0.439853,-0.7406345,-0.48380981,-0.81096807,-1.4575801,0.40812802,0.18578998,-0.59167639,1.5654365,-0.3572877,0.58900746,-0.016621539,1.3226693,0.97747375,-1.3629349
130,0.85461026,-0.56501886,-1.4891903,-1.2156382,1.1811917,-0.76253912,2.3328373,1.3785528,1.5421404,0.92640386,-0.15999509,-0.50392146,-1.2411884,-1.2205761,-1.5551414,-0.9439101,0.2673321,-1.3993704,-0.3112709,-0.44221596,0.82812696,0.27226305,-1.3577864,0.72776215,0.88188978,-0.87148302
131,3.2228531,1.8305037,1.3214998,3.1659876,1.5165915,4.2972232,-0.95791393,-1.0504494,1.4843115,-0.89418483,0.41157705,-0.60278709,-0.37995034,-1.1710634,1.3094704,-0.10435197,0.79955728,0.82311188,1.1991125,-0.66837109,1.3773863,-1.6606743,-0.87545285,1.0922129,-0.13621774,1.4833812
132,-0.40991138,0.44835825,0.28339994,0.38778606,0.91329036,0.16677009,0.65668003,1.2553723,0.72296717,-0.19006858,-0.65891304,-0.89298925,0.78050034,0.067004067,-1.0686354,0.52730057,-0.8852141,-0.75701285,-0.4517418,-0.90304958,-1.5398222,-1.1188137,0.44361467,-1.3806515,-1.2688975,0.67103406
133,0.51451763,1.3990832,0.982271,2.3879139,1.5978966,3.10631,-1.0372525,0.44426675,-1.5080774,-0.37274061,-1.325485,1.5489544,-0.028521111,0.98819985,-1.0896177,0.038390457,-0.80199644,1.1791498,0.71288672,-0.41458451,-0.43064998,0.69246506,-0.60937646,0.031073081,0.33424233,0.53045857
134,-0.56231747,0.223353,-0.02203156,-0.26121683,-1.4476457,-0.63560469,0.008534367,-0.32962942,0.3941373,-0.7458821,0.028131199,0.88044824,1.0124268,-1.3895111,-1.0499806,1.0674416,0.24944716,-1.7214242,1.0459638,-0.92236961,0.47024747,0.1270987,-1.567447,0.15899382,0.92215019,0.1604975
135,0.4075216,-0.065454585,-0.18941166,-0.99829126,-1.2311801,-0.88447181,1.9066679,1.4816511,1.168533,1.0576272,0.19461625,1.2695551,1.155043,0.44804817,-1.5266665,0.73915452,-1.4793447,-1.625837,0.45252921,0.73077958,-0.2623577,-1.724934,0.36003866,-1.1436583,-1.2142101,-0.50090902
136,0.96771971,0.033640428,-0.18069046,1.2532435,0.2930803,0.73608293,-0.65606521,0.36606657,0.18804838,-0.011013786,-0.97603377,-1.3800905,-0.27492594,-1.3645767,-0.7533405,1.267107,-0.79269725,-0.89610293,1.3682471,0.45455631,-1.1934064,1.0045212,1.2979296,1.4510327,1.4309601,1.6165907
137,0.098195559,-1.1413808,-0.8461614,-0.62435935,-0.85361947,-0.49619458,1.3623873,1.6716503,1.0076861,-0.14020979,-0.68426554,0.14961157,1.5147754,0.92186975,-1.5713239,-0.47953975,0.67574024,-1.1715275,0.44188577,1.0491217,-0.79734727,0.22266337,0.25280686,1.6600689,0.37026457,-0.2752609
138,-0.91728254,0.40209378,0.31421279,0.1893973,-0.49970189,0.13427922,0.41735726,1.3249356,-1.0243269,0.60170213,0.053506453,-1.5808593,-0.70312973,-0.15159946,1.2391347,-0.7667498,0.22751,0.41080209,0.84693318,-0.28388389,-0.11054459,-0.5407792,0.80839058,-0.56896993,0.013108335,-0.65169758
139,-1.53321,0.86059349,0.84535678,0.3688482,0.13652931,0.58015282,-1.4354721,-1.6792486,-1.0685707,0.13442549,0.33216202,-1.5959091,-0.25519237,-0.26705253,-0.54634303,0.30170448,-1.3428808,1.0873293,0.60043618,-0.11363949,-0.51779901,0.029829571,-1.2557986,-0.52537538,-1.6555596,-0.18271382
140,-0.1340762,-0.44589523,-1.460767,-0.98116044,-0.25000658,-1.0473164,-0.82050216,-1.4715548,-0.67607382,-0.7002945,0.95396528,1.493922,0.17072855,-1.3770656,-0.65526926,1.5213379,-0.28366341,1.4248733,0.79650128,0.79435875,1.1585706,-1.463709,-1.3730189,-0.085892336,1.2467072,1.6010702
141,-0.20199461,-1.2303992,-0.67376632,-0.61277306,-1.286313,-0.74136678,0.50038028,-0.048418806,0.44882916,0.74942035,0.12959998,-0.032185492,-0.57603994,0.5297488,-1.2657924,-1.5136619,0.69868559,1.7634549,0.60220727,0.60540132,0.88534792,1.1399742,1.1777539,0.23420313,0.43410311,-0.27634172
142,-0.35122309,0.95191825,1.752596,0.67084523,-0.44872644,0.44361684,-0.27705446,-0.66809728,0.25442178,0.22191688,0.090306319,-0.0078411702,1.4462084,1.4915241,-1.4311548,1.0775762,-0.88861559,-0.3507771,-0.93025227,-0.94157794,1.302519,0.98458395,-0.38898868,-0.054065852,0.49040512,0.91196173
143,-0.66226264,0.47807854,0.75531193,1.5584383,1.4744196,1.5879605,0.91183463,1.6524766,-1.2670012,0.34876739,0.53777736,-1.3232241,0.46911663,-1.240128,-0.47107197,1.6970967,0.60528133,-1.1652086,-1.4924365,1.5161487,-1.2762571,0.7481546,0.033742229,-0.63435752,0.63304703,0.24184469
144,-0.66772898,-2.3576849,-1.6062001,-0.40392348,-0.0028531748,-0.95296223,1.0411439,0.3644178,0.4688343,-1.3533125,1.5875369,-1.4068634,-1.0573667,0.11008009,1.3359056,-0.64555567,1.8349054,-0.86002112,-0.076002626,-1.0374054,-1.6146441,1.3935039,0.28343993,-1.6727632,0.13466085,-1.3665522
145,0.47690274,1.3756959,1.6375423,0.42234375,-0.5157157,0.84859226,1.2161139,0.6055806,-0.2418584,-1.3107224,0.72255905,0.092799766,0.6945122,0.23423829,0.45304611,0.99069069,-0.50848306,-1.7307056,0.011704916,-1.1296771,-0.19320864,0.62074715,1.129055,1.6787009,-0.902546,0.94001269
146,0.015307554,-1.4980811,-1.4557572,-1.3748253,0.22657637,-0.84292018,0.98015795,-0.13786842,0.93593438,1.6025215,0.5571586,0.3306264,-1.6573775,1.4740255,-1.2453559,0.57649082,-1.1661604,0.61319806,0.65933133,1.5277676,-1.1061469,-1.3798121,-0.9965881,1.5517395,1.440307,0.18171466
147,-0.37100587,-0.99899294,-1.1727975,-0.1692768,-0.59656009,-0.65032373,0.49908619,1.7513261,-1.3336396,-0.75134126,0.0671552,0.78399371,0.0016570677,-0.0049475226,-1.4175221,1.4318091,0.24662665,0.82775736,0.23956533,0.83846152,1.2940111,-0.4736274,-0.68321465,0.91889254,0.57287135,0.86834378
148,0.89607647,-0.18436236,-0.93033159,0.1926445,1.3237717,-0.02473053,1.1317576,1.2843785,0.97081403,0.095734889,-1.5577637,1.3011686,0.032392539,0.99350211,-0.42139502,0.28508732,-1.5354095,-0.62938324,0.097134607,-0.95476154,-1.375747,0.71131485,-1.3491976,-0.0293772,0.67271599,-1.5018542
149,0.3338318,-0.88565779,-0.70615544,-1.2427291,-1.1064335,-0.94179669,0.77899967,1.1390421,-0.18969581,0.090284387,0.44934212,-0.44650223,-0.63668284,-1.5837813,-1.3256681,-0.98281672,0.58479063,-1.5547727,1.5394908,-0.44931735,0.16077956,-1.5806903,-1.4777957,1.1572495,0.5680538,-0.21066314
150,1.2896782,-0.29337513,-0.22853777,0.91175994,1.3799548,0.58243123,-1.1676984,-1.5342935,0.30724647,-1.2140173,-0.77965878,1.2239574,1.3061664,0.47309815,0.070009983,0.098186415,-1.0681967,-0.70586068,0.20990523,-0.94102453,-0.81942122,1.194198,-0.18771282,0.53047318,-1.4299061,-0.52394158
151,0.63504719,-0.53882942,0.29703309,-0.32556298,-0.53505827,-0.50085659,1.2360655,1.3229711,1.172148,-0.42719699,-1.2751791,1.6622495,0.015001776,0.92849916,-1.1723972,-0.084476106,0.00013611963,0.22588309,1.5488789,0.67399432,-0.20966241,0.0064648533,-1.4716146,1.4087404,0.61653722,-0.5634091
152,0.61987541,-0.054752311,-0.15185141,-1.6770978,-1.5196738,-1.6411502,-0.67896785,-1.2727234,-0.35506795,0.9582479,-0.15058308,-0.87272637,-0.70441072,1.1312129,-0.026529407,-0.49482893,0.82368444,0.45967682,0.40066282,-1.1653085,0.8259201,1.0283959,0.9845757,-1.1033154,0.9580555,-0.037299337
153,-0.30587891,-1.8106507,-1.2025364,-1.0758856,-1.4859303,-0.55694205,0.096079796,1.4897895,-0.82420267,1.3413063,-1.110282,0.82067441,-0.73902464,0.13656805,1.2516943,1.1344172,-1.4011288,0.96434094,0.93108891,-1.5378447,1.4660126,1.348131,0.55271427,0.15363213,0.5355668,0.15243001
154,-0.19987017,0.87919423,1.6486417,0.95349355,0.24787095,1.0833298,-1.1442659,-1.1312467,-1.1828128,1.2232188,-0.48761776,-0.65505579,-0.045287186,1.524072,1.297176,-0.0040104575,0.5993506,0.0041736825,-1.1204319,-1.0699424,-0.25288638,1.4536068,-0.56428682,-0.72528269,0.40930322,-1.2173781
155,-0.79670242,1.0871872,0.55751275,1.4798007,1.6783739,1.9491403,-0.51134113,-1.2585304,-0.47704589,-1.1300534,-0.80361372,-1.5722557,-1.139306,-0.024479762,-1.363226,-0.89702466,1.3945216,-0.47062434,0.51171535,0.97387068,0.3126754,-0.55305983,1.0038388,0.16997336,-0.034723704,1.3172837
156,-0.025828497,1.5067551,1.3909035,-0.11403896,-0.81878066,0.020711639,-0.23033918,0.96660106,-0.92822212,0.047571032,-0.39471887,-0.22669011,1.4773066,1.1997273,-0.38054066,-0.84634145,-1.221536,-0.83576793,-1.3910786,0.88790374,0.67676784,-0.1059924,-0.43057492,-0.23032818,0.067068961,1.3827473
157,-1.3376365,0.90615018,0.87158635,0.56178009,0.23822704,0.55344455,-0.47545454,0.5067543,-0.20650553,0.60243739,-0.61129755,0.40284863,1.5207348,-0.10599538,0.8347223,0.76127908,0.20848937,1.0514347,1.310998,1.0960904,1.4956151,-1.6355557,0.29193745,-0.96033842,1.3446387,-0.35667695
158,0.65732246,-0.027991418,-0.014087147,0.31369051,0.70107001,-0.032694892,-0.36460235,-0.65084555,-1.4984036,1.5756109,0.5621273,-0.2606163,0.66526719,-0.75828717,-0.42051763,-0.4422213,0.43166259,-1.6540359,-1.0974412,-0.18000072,-0.76359849,-1.401358,0.059969131,-1.1111565,-0.59195458,-0.22251619
159,0.8017897,-0.85021348,-0.31299619,0.6060518,0.65262261,-0.16771503,0.94999168,1.0944163,0.88160103,-1.173061,-0.42632827,-0.17139672,-1.3509584,0.30121761,0.15871476,1.5807628,0.80085481,-1.0883136,-0.46559935,0.27797677,1.2012804,-1.2134357,1.5733048,1.3779972,1.4941752,1.6900174
160,0.78742185,-0.57196684,-0.5941516,-0.95926123,-1.1877799,-0.57567239,-1.2245722,-1.3525851,0.27457129,-0.28416036,0.58043228,-0.30800549,1.4102387,0.79682614,-1.2638922,0.35014465,1.7547386,0.34551722,-1.3378434,0.90468494,1.0151086,-1.3320839,0.037271557,-0.093020752,1.5939693,-0.44444044
161,-0.41763517,-1.5669313,-1.5692794,-1.3000697,-0.94276526,-1.0796559,-0.77077881,0.053040197,0.39715116,-0.32959597,-1.3108945,1.1983511,-0.7489248,1.3705455,1.7124709,1.4192908,1.5070238,-1.6447059,-1.6508619,-1.157177,-0.036680524,-0.98426131,1.7233245,-1.2421167,1.6783377,0.22780585
162,0.00050932633,-0.048119719,0.55192691,0.66088047,0.26026005,0.07067834,-0.074105166,-0.31350186,0.79864046,-0.58504296,1.3499056,1.3795259,0.89418192,-1.4136435,-0.63712079,-1.6191356,-1.2771292,-0.14173885,1.4978457,-0.9802686,1.0777296,0.91627544,1.1338998,0.1130822,0.59319931,-1.4708928
163,1.0994018,-0.84847257,-0.73959989,-0.14422401,1.381692,-0.75135145,-1.7425628,-1.5858654,-1.3797313,-1.4959892,-1.6178481,1.626254,-0.76842008,0.77649096,1.2586591,-0.014020405,1.348558,-0.71847075,0.038641012,-1.3178365,-1.5232052,1.472121,1.008845,-0.99811415,-1.1780196,-0.17963846
164,0.44740301,-0.63885828,-1.2474422,-1.0711714,0.13619838,-0.90821642,-0.81789535,-1.1081248,1.3449162,-1.0822054,-1.175768,-0.87257088,0.50639603,-0.19185048,-0.67926534,-1.5555986,-1.6155176,-0.76413399,-1.5777847,1.6777046,-0.87426091,1.653052,-1.4523717,0.97826336,-1.3135923,-1.376292
165,1.3150714,-0.78355228,-0.65228677,-0.79051582,1.3635056,-0.46293165,0.89059356,1.507355,-0.96597218,-1.6954247,-0.087965883,0.28155271,-1.3718252,-0.29621414,-0.86684098,-0.68908032,-1.393049,-1.6923637,-1.3436778,1.0772146,-0.43966886,-0.84662079,-1.6062935,0.97395499,1.0253421,-0.093215261
166,0.25192586,-1.491537,-1.4178882,-1.0769009,-0.025044216,-0.9678618,-0.66737827,-1.044116,-1.6649955,-1.1156301,0.80844143,-0.55549142,-1.5915852,-1.0712745,-0.6270873,0.76391898,1.6794436,-0.95409304,-0.71163038,1.6413833,-1.6182879,-0.48565839,-1.01337,-1.5766847,1.4375611,1.2551753
167,-1.7681918,0.87285861,0.62611027,0.48853554,-0.18489184,0.82293021,-1.4950577,-1.5118215,-1.7096517,1.5418363,0.52198686,-0.49409095,0.65497463,-0.98524707,0.44887843,-1.1243285,1.2145793,-0.52057675,-0.17151909,-1.2219976,-0.94298402,-0.071373337,0.25651593,-0.32906023,1.2124895,-1.2783769
168,-2.1837182,1.2879054,0.6015152,-0.4235538,-1.3357894,-0.2010074,-0.21701634,-0.92941183,1.0452992,0.97437585,1.4835019,1.5900015,-0.43021218,0.82909439,-0.56800806,-0.52742621,-0.81724883,1.6848843,-1.0197318,1.7116655,0.7859742,-0.17061128,0.2227253,0.51305006,-0.8661411,-0.62127321
169,-0.99515973,-1.4523114,-1.5753647,0.45448668,-0.81363068,-0.55046517,0.22977848,-0.14159749,0.42055598,0.8605416,-0.1091901,-1.4512094,1.5436514,1.602776,0.13360285,0.30177905,0.83683505,-0.091717772,-0.0068470777,0.55972747,0.018849809,-1.4100669,-0.2168425,0.90318553,0.40798915,1.5292297
170,0.51883714,-0.73134083,-0.25358483,-0.66466462,-1.2847929,-0.75780979,0.3314038,0.23134157,0.79115754,1.1148108,-0.13827642,-0.26651381,0.5833393,-1.2614536,-1.1972771,0.058014762,1.7150229,0.62816521,-0.97514578,-0.36550604,-1.0672439,0.98574029,-0.90020229,1.1493411,1.0810109,-0.32066943
171,0.73990145,-0.83227501,-0.42870737,0.15657043,-0.011706822,-0.45219615,-1.9193894,-1.5305394,-1.5878619,-1.5080497,-0.69356366,0.049101812,0.66084453,-1.3117906,-0.10506411,-0.28513839,0.59048921,0.68396035,-1.3908439,-0.45890361,1.6193882,-0.81754327,0.62612969,0.46072433,1.348658,0.70284263
172,-1.0754972,1.4964369,0.83897045,0.37056039,0.30651834,0.56579952,-1.1015972,-0.13114373,-1.0199071,-0.60373078,-1.4545271,-0.55325194,1.3997467,-1.4371256,-0.41755436,-1.3595907,-1.2678277,0.54855072,-0.4468011,0.35473939,-0.20349629,-1.113337,1.0169162,1.1542657,0.81579036,1.5406038
173,0.018310744,-0.38509516,0.64333432,0.97716547,-0.23076898,-0.071582246,-0.46890532,-0.95443958,1.1726428,0.55293967,-0.56029857,1.6071643,-0.36501879,-0.75115738,1.3177813,0.80436473,1.7121521,-0.57973516,-0.83242469,-0.014994065,0.24554243,-1.7802633,1.0221282,-0.35496466,-1.2564834,0.57085025
174,-1.1650666,0.4243864,0.48589273,-0.0045642303,-1.0082323,-0.073140375,1.3946003,0.79478171,0.72716571,0.80024955,0.87559248,-0.82165016,-1.0311193,0.17838894,-0.15881832,-0.53729914,-0.33519618,0.3508897,0.29759622,-0.80798795,-1.6567832,-1.3723377,-0.49803473,1.0146447,-1.0295147,-0.73187811
175,1.5775273,-0.21921407,-0.19105491,-0.058615568,1.3909863,-0.16659905,-0.90846761,-1.1960709,-0.75082854,-1.0586148,0.66774269,-1.4637994,-0.18654476,-0.11376261,0.95909815,1.6438442,0.85289368,-1.4492465,0.11350609,0.81034536,0.89905368,0.33734851,-0.20082136,1.6318187,0.041878646,-0.030359515
176,-0.16245492,0.038561684,0.40891674,0.37810308,0.16395593,0.17938407,-0.7172515,-0.86908836,-0.19615304,0.08227152,-0.21533006,0.45606075,-0.34559858,-0.66909258,-1.0373734,0.72184151,0.051179996,-0.59772806,-0.73958052,-0.1142702,-0.8208764,1.1253614,-1.4424411,1.7236504,0.61619041,1.5246263
177,0.41979009,-0.20464393,-0.95818112,-1.4245395,-1.6086728,-1.0861704,1.6763123,1.6832534,-0.35111972,0.11106053,1.2774805,-1.0212722,-0.6699866,1.7036474,1.6658535,1.3968899,1.1737066,0.99743477,1.4673816,0.91616914,-1.5338857,1.0173812,0.49643425,0.63558362,1.5140657,-1.5187742
178,0.18872639,-1.0286296,-0.58230575,-1.2320805,-1.396759,-1.2134179,-0.079186637,1.375916,-1.5580378,0.41282847,0.7835618,-0.70518151,-0.44830768,-1.0598731,-0.29661054,0.27737214,-0.56546032,0.22928406,1.133291,0.9553179,1.5912073,1.5998273,-1.5418526,-1.4282423,-1.5323279,0.119107
179,-1.3578389,0.37808387,0.72145284,-0.15291975,-0.28193267,-0.42628741,0.74553762,1.2002475,0.42597396,-1.2734119,-1.0434591,-0.39069629,-0.39908279,-0.38214478,0.11799652,1.2321411,0.066253295,1.2288264,-0.056277635,1.1638542,-0.84148893,-0.22791212,1.250727,-1.1438521,0.85228409,1.0382718
180,0.33210771,-0.40705914,-0.63536352,-0.60804557,-1.4417557,-0.75265093,-1.1284006,-0.67350953,-1.4995123,-1.6913157,0.46288012,-0.82587571,-1.4818093,-1.0828853,-0.013651535,0.10054478,-0.098412014,1.5286033,-0.41145253,0.74748764,-0.85369563,0.36073158,0.83240271,1.4500121,0.51427333,1.1558083
181,-0.15010782,-1.2335012,-1.4593932,-1.424272,-0.50403555,-1.1880485,-0.11424316,-0.77771229,1.3257714,-0.93287382,1.1435394,1.1117785,1.4982993,1.4863277,0.70008982,0.61223314,1.4231007,1.4670578,-0.50542268,-0.79994324,-0.73417009,-1.005244,-0.84156286,-0.85949235,0.37339031,1.2908985
182,0.77321044,-0.37622613,-0.49194499,-0.43097151,-0.53149729,-0.51449875,-0.082528419,-0.79777722,1.1678435,1.5184877,0.5162844,-0.31591906,0.88706381,0.13580157,1.7798705,-0.034181504,1.0145246,1.138862,-0.31004335,-0.1346553,-0.64616603,-1.3476747,-1.1496975,-1.2883832,-1.6233653,-0.19927866
183,0.88858712,-0.64216817,-0.025133278,-0.28165416,-0.59178365,-0.1728227,-0.410958,-0.59199136,1.5595657,-0.41934332,-1.6580759,1.549047,0.35685938,1.0222917,0.62340734,-1.3036497,-0.023900849,-0.55357483,-1.6955186,1.6918939,-0.8991404,-1.5128381,-0.58358988,-0.46877473,1.6185732,0.51249036
184,-0.36419955,-1.2104121,-1.3781041,-0.69343781,-0.41904059,-0.8778836,0.92501617,0.40155607,0.97240598,0.054071159,1.2577741,0.90278826,-1.586789,0.13806017,0.77369205,-0.44852383,0.47327249,0.71769132,0.42274574,0.56362516,0.53976436,-1.5397039,-1.3106979,-0.38527338,-1.5559888,-1.0507772
185,0.16611417,0.040995004,0.063429675,-0.10331905,-0.61901603,-0.17781041,1.1292123,1.4858561,0.28859584,1.3918818,0.80253891,1.5056658,1.6382597,0.52004834,-0.34054828,-0.46367468,1.0885313,-0.4939569,-1.4473076,1.4835438,-1.0494743,0.00057515452,0.87436804,-1.1107672,1.3015075,0.51195806
186,-0.2735478,-1.2494746,-0.64560742,0.29170024,-0.69052716,-0.54264927,-0.94368174,-1.5008131,-0.77002808,1.4439125,0.74052647,1.725466,-1.0772074,0.30958399,-0.1523732,0.20451985,0.11666232,-0.60246477,-0.79181756,0.64169864,-1.0808836,0.3997201,0.64393433,0.063410298,0.88708693,-0.56307548
187,-1.1902205,1.0172629,0.60677902,1.1752386,0.8107273,1.3672111,-1.8462159,-1.4126327,1.3516147,1.1584188,-1.5666582,0.26418204,0.63010556,1.0840742,0.25478791,0.74897961,-1.424136,-0.31012981,1.0300486,1.6508364,-0.25112379,0.73267224,1.570817,0.38133043,0.65150748,-1.4723464
188,-1.2553376,1.0744851,0.69533316,0.99756146,0.85392658,1.067979,0.1775454,1.3813083,0.15774979,-0.79562023,-1.1356078,0.17176777,0.036283723,-0.21844413,-1.0604234,-1.0102099,0.55493994,-0.44863733,-0.087266383,-0.93927494,1.2559828,0.24986311,-1.283736,1.1576838,0.92577679,-1.3237554
189,0.49851196,-0.55793974,-0.75388761,-0.9234106,-0.71512073,-0.79002342,0.34899707,1.4519962,-0.57375192,0.0013586028,-0.78389566,-0.050376329,-0.74649054,-0.54102478,0.77140816,0.69678691,1.5371318,-0.50867766,1.2226199,-0.71446278,-1.3982629,-0.6840912,-1.6295076,-0.42968706,0.57695041,-1.6341042
190,-1.6465768,0.98238679,0.98489854,-0.36833582,-0.46822635,-0.24024498,1.4805876,0.50764733,1.4652887,0.41435901,1.5747227,1.5749511,-1.5910673,-0.042727401,-0.16940235,-1.102414,1.4693902,-1.5618855,-1.6226345,1.6787344,1.0936268,-0.15898744,0.98819138,1.3379918,0.15976959,-0.95974015
191,0.023315817,0.4434179,-0.038622194,0.30150545,-0.72948998,0.39795551,1.6072642,1.2947253,1.4763455,1.6279559,-1.4627249,-1.278781,0.38793923,0.80432503,-1.1486253,0.25756329,0.71005675,-0.84126319,-0.51339856,-0.44405511,-1.0948476,-0.3695814,0.13467898,1.7394486,0.29561353,1.401423
192,-1.5446299,0.35603397,0.84607472,-0.019345935,-0.62750765,0.035824636,-0.19207346,0.66895988,0.34199806,-1.7007533,-1.5850442,-0.23963384,-1.7397056,1.6666988,-0.9759593,-0.8666516,-0.91480748,0.089129108,-0.83071838,-0.94008356,1.3460918,-0.438096,0.79865759,-0.59139688,1.1680648,-1.0712114
193,0.94251738,-0.75619614,0.23894775,0.75212449,0.89118328,0.18414929,-1.3714366,-1.2896923,0.39492879,-1.579511,-1.1296662,-0.39713779,1.2662214,0.41651206,-0.2798463,1.5975716,-1.3670761,-0.50563553,0.69279548,0.18181431,-0.19620307,1.2328567,-1.6555779,-0.31557853,-1.3833416,0.37327312
194,-0.32188872,1.4515648,1.3102965,-0.15122477,-0.84960383,-0.088171095,-1.149215,-0.75583057,0.30304793,1.4521606,-0.26430132,0.36974908,-1.5857283,0.78625966,-0.18519621,-0.33184239,-0.55099882,-0.50478314,0.29080623,-0.71394475,-1.0806367,0.52405756,-0.6257141,1.6263052,-0.81316825,-0.65465013
195,-1.045966,0.22556505,0.71867557,-1.6214962,-1.0866594,-1.4637059,-0.1294449,-0.22293749,-0.55124438,0.59515364,-0.54545042,0.91549882,-0.31954558,1.6295581,1.6627111,1.1507512,0.97545813,0.47251027,1.725825,0.60317098,-1.2963919,0.17719821,1.1222632,-0.82385459,1.2501534,-0.29374463
196,-0.54571541,-1.2589022,-1.4756529,-1.1013657,-1.3877032,-0.87650871,-0.79367804,-1.2625005,1.145623,1.3245233,-0.62427171,0.50370127,-1.5648199,1.1441642,-1.3940762,-0.72911412,-1.7212004,-0.16535942,-1.0014996,-0.19135088,0.095436309,0.59688492,1.2305534,1.0301961,-0.91581399,-0.48763777
197,-0.00073206723,-1.3851744,-0.83122781,-1.348019,-0.62035116,-1.2941792,0.20847412,-0.28358101,0.71555119,-1.1863474,-0.047201485,-1.0921929,0.18895443,1.7880968,-0.52322663,0.019746228,-1.6750217,0.57781286,0.58107194,1.7860028,1.5307572,-0.6201899,0.98513305,-0.056964287,-0.72337747,-0.38022037
198,1.2574269,-0.15332979,0.50859324,2.0819367,1.661927,0.88679174,-0.062524481,0.36928796,-0.38786674,0.63447815,-1.1075542,-0.076270147,-0.075309734,1.3795224,-1.2799299,-0.27478177,-0.51518659,0.76902092,-0.1533339,-0.47324132,-0.18207958,0.81912036,0.48392383,-1.4310961,0.37069961,0.50620979
199,0.61721019,-1.0673021,-1.3929952,-0.92568575,1.0970679,-0.74337407,1.4344096,0.65302677,1.4895565,-0.55539017,1.1992666,0.71693868,-1.4107443,1.4501595,-0.80281747,1.5161402,0.32598617,0.013425727,-0.012016707,-0.83430815,-1.4538124,-0.57946294,0.033838004,0.79932065,-0.57977783,-0.63333935
200,-1.7820049,0.9286741,0.34539675,-0.13302188,-1.3505294,0.46274806,0.24282994,-0.00042439101,0.65012137,0.077782238,0.42482312,-1.5987844,1.4388898,-1.7090794,-0.69151461,-0.60862816,-1.2191037,0.82238759,-1.190894,0.10206666,1.3871057,1.4527312,-1.0892076,-0.875931,1.424435,-0.81023155
201,0.099062969,-0.24402523,0.17358898,0.3974051,-0.97502134,-0.24402968,0.37233377,1.3505308,-0.62976635,1.5993515,-0.4381934,-1.1417961,-1.1614508,1.0436013,-0.62756393,-0.9971617,-0.1476345,1.2417625,1.5798978,1.4489224,-1.3667369,-1.3115034,0.060247813,1.0118357,1.4939023,1.6102932
202,0.59486389,-0.16696072,0.063766394,-0.28921153,0.32498614,-0.79206949,-0.48484579,-0.6871018,-0.03975804,0.50808934,0.034597327,-0.47432472,1.0247809,-1.3052165,0.33485661,0.31307289,0.58001337,0.47818347,-1.1176356,0.76326602,1.6456707,-0.48021078,-1.4618153,1.4523655,-1.4438806,0.80183863
203,-0.82817174,0.26700497,0.92034859,1.0496948,0.54951089,0.99114299,-0.37879711,-0.80587091,-0.46655482,-0.37730694,0.59624197,-0.22272245,0.0091760724,0.51745986,-1.541583,0.2585022,-0.93453534,-1.5874495,1.6392793,-1.3834427,1.2218203,1.4901443,1.7017458,0.052361934,-1.1196677,0.93336782
204,-1.2029409,0.31977962,0.73062598,0.017437725,-0.31697057,-0.09244521,0.7282784,0.61986026,1.0652118,-1.2616329,-1.3532786,-0.54892975,0.39694813,-1.1828677,-0.040914934,-0.46329396,-0.8928509,-1.1563821,1.2042391,0.8045952,1.2494056,0.42958947,-1.6586893,-0.84809759,1.2764662,-0.91365094
205,1.7995292,2.0393857,1.4831234,1.3494859,0.87604855,2.0346638,-0.067361011,-0.78294182,1.0245413,-1.2662515,1.0534425,-1.5389721,-1.0997132,0.47452336,-1.4998746,-0.90603971,0.56584543,0.4866957,-1.5429008,1.5969797,0.16008313,1.5543576,0.83483187,0.0066580374,-1.482447,-0.52316191
206,0.084120124,-0.80850761,-1.52128,-0.42743841,1.195436,-0.32535192,-0.1826599,-0.00099527402,0.15618228,0.1562257,-1.5135745,-0.76416748,-0.003733117,-0.0085816055,1.5728362,0.072759081,0.43853452,1.4643413,0.86336605,-0.66981278,1.2025755,-0.51844796,-0.56462943,0.71164716,0.51545896,1.001983
207,-0.44010793,0.50881607,-0.050734662,-0.82641128,-1.2580228,-0.63880394,0.6362942,1.4946075,-1.11358,0.76370742,1.0745924,1.4854682,-0.48318786,-0.1015454,-0.797201,-0.76680728,1.272963,1.306546,-0.55497536,0.1433166,0.36351906,1.104277,-1.5839642,-0.82741642,1.0019686,1.2345974
208,1.1568953,-0.39975311,0.2842602,0.77725849,1.2443531,-0.19314795,-0.40639306,0.62413171,-0.29438896,1.535378,-0.77600916,0.45758122,1.0828036,0.53353843,-0.79869945,1.1179602,-1.1480877,1.3632175,0.33726384,-1.588754,-1.2574216,0.11893575,-0.50813852,-1.0601983,-1.0075325,1.5620131
209,-0.0065525936,0.74708429,1.3221867,2.5979056,1.3499827,2.6336658,0.18399023,0.076799951,-0.58632033,0.064552482,1.288957,1.0608844,0.46663735,0.80322985,-0.012682496,-0.53772639,-1.600628,0.1603929,0.042349876,-1.3431862,0.94248309,-0.73671952,0.13270971,-0.37035638,-0.42426266,0.44604657
210,-1.1389702,1.2757882,1.006747,0.82722552,0.061489764,1.1479576,-0.57372541,-0.29633431,-0.70155718,-0.3436584,-1.181018,-0.29395663,-0.20020283,-1.2936688,-1.0293826,-0.94979344,0.63433971,-1.1265465,-0.00095096485,0.51030561,-1.2367325,-0.5246764,0.78929898,1.1881665,0.34289044,0.58750934
211,0.072257464,-2.2762721,-1.6124858,-0.57247735,1.4467491,-0.74544768,-0.94969869,-1.6155297,0.14518837,1.1009756,-1.0097265,0.71582596,-1.6067445,0.75948534,-0.50386614,-1.2056826,0.031662529,-1.4777331,1.3751272,-1.051526,-0.69488589,-0.56650861,0.52559331,0.87791528,-0.7321487,-0.87321007
212,0.69948932,-0.56139474,-0.86713963,-0.6745388,0.29918461,-0.5589339,-0.54776121,-0.63968578,-0.84809472,0.065353317,0.36218646,1.300037,-1.7655631,-1.3061324,1.7907313,-1.6344663,-0.904951,-0.19755622,-1.5266959,0.26916996,-0.0072226699,1.0495162,-0.73550957,0.82197385,0.37139674,0.45463834
213,0.85085834,-0.84138452,-0.54517942,-0.52922229,0.55124702,-0.64922963,1.6141649,0.45613683,1.0734878,1.2869298,1.5860744,0.80634965,-1.632129,1.2276467,0.334178,0.91447959,-0.69583572,-0.54866321,-0.064039789,-1.3966757,0.71905629,-0.29671632,0.67269504,1.7628209,-1.3000842,-0.28057297
214,-0.34007485,0.59224254,0.18960176,0.26637362,0.42480969,0.10689761,-0.33663203,-0.6853389,1.0247928,1.0467556,1.1565615,0.9684968,0.95495761,-0.3049264,-1.0013392,1.7050021,0.81036935,0.9580001,1.1200819,0.12276494,-1.2399181,0.96659606,-0.61175485,-1.0102433,-1.1968104,0.24375172
215,-1.9638696,0.59034496,0.7882675,0.47885348,-1.086428,0.40210378,0.73694261,0.35391737,1.0142629,0.14096981,0.67700424,-0.4718706,0.45568119,-1.0317963,0.96623975,1.0970293,0.73237396,0.88292802,-0.27619668,0.5975389,-1.2805408,0.91266559,1.4362371,-0.57532483,-0.58434924,0.53019161
216,0.85861897,-0.6316088,-1.0512775,-0.13225818,1.3918115,-0.17004637,-0.59556564,-1.4914966,-0.81844561,0.65013632,1.3571999,0.9131805,-1.0931105,0.89266502,0.79495686,1.7019472,-0.65459597,1.5474131,-1.4144134,-0.80053515,1.5162122,-1.0324338,0.87695499,-1.7142374,0.77961828,-1.4061019
217,-1.06265,0.36273133,0.51496626,-0.60419143,-0.72174469,-0.62819973,0.3414128,0.79246367,1.5152223,-0.091327197,-1.5450226,1.0551986,-1.2655984,-0.95698684,0.14010856,0.7904831,-1.3668502,1.031447,-1.6471847,0.73394682,-1.3936752,0.20012857,-0.18952869,-0.83393781,-1.1792235,-0.89988763
218,0.26864541,-0.16059725,0.2520887,-0.38769936,-0.7530547,-0.014689227,-1.4442677,0.78819322,-1.2197379,0.94543399,-1.6768954,0.05602093,1.6813912,-0.49418224,0.48418096,0.98028842,-1.4385023,-1.4636143,-0.22534209,-1.5681692,-0.47959255,-1.7740587,1.6768489,-1.5884206,0.36260184,-1.1620578
219,-0.7005432,1.3668258,0.74285,1.2225089,1.0482466,1.7488271,-1.1189763,-1.0125695,-0.55842017,1.3030059,0.611158,-0.72890313,-0.05145513,0.11853862,1.7240704,-0.9267814,0.24490103,-1.7106216,0.094736236,0.67011629,1.2833661,0.74423483,-0.23385519,-1.3487606,-0.70889178,0.38528934
220,0.051733088,0.0077883855,0.91095545,2.047592,1.4362461,1.6175531,-0.46340967,0.42666978,0.075501718,0.049306695,-1.3014763,-0.17821435,0.0096478719,-1.073276,0.66214639,-1.0445871,-0.83444353,-0.43047274,-1.3966495,-0.26064149,1.3788855,0.47686074,-0.46253928,0.60026803,-1.3816836,0.70084568
221,0.40185747,-1.1407738,-1.374015,-0.68099565,1.363414,-0.78107351,0.49381473,-0.25112274,1.4784015,0.83919408,-1.0058115,-1.4707673,1.3435232,-0.97952737,-1.2283227,-1.6198108,1.7791132,0.34117966,0.69556297,0.15678171,-0.17902796,-0.28130598,-1.1492939,1.4405908,0.46387767,0.099448956
222,-0.22100739,1.6572035,1.1103725,0.00085063617,-0.77110484,0.25157161,-1.2719646,-1.0392479,-1.0339522,0.64889894,1.3122899,-0.022291754,-1.7873169,0.95086967,-0.18296601,-0.56420333,0.1853446,-0.87873521,0.62269723,0.2841159,0.19753871,0.27117244,1.1764214,-0.3285937,-0.64420389,-0.86180062
223,-0.07896731,1.1272283,0.94192956,1.9253497,1.436451,2.0911738,2.6847239,0.89025622,0.51204204,0.36649763,1.3999008,-1.0143491,0.31845083,-1.6299387,-0.29039826,0.62260364,-0.35722442,0.85426542,-0.098204274,0.88991163,1.1132149,-0.11455525,-1.4896563,-1.6794745,-1.2837353,1.6301043
224,-0.56353077,-1.2450838,-1.6743711,-1.1428526,-1.1223701,-0.83839771,-0.91999401,-1.4853986,-0.24815789,1.0967513,1.6293624,-0.64965328,-0.67441845,-0.59326658,1.4677575,-0.95068717,-0.95672066,0.74096756,-1.4045219,-0.076265172,1.2084087,-0.25482392,0.74615785,-0.15283094,-0.18029535,-0.48921924
225,-0.85877007,0.32374856,1.2285716,2.0976786,1.3057843,1.6860287,2.373263,1.4431551,0.53982035,-0.92577857,1.6547073,-1.1623292,1.251181,-0.39892475,1.5931811,-1.1194243,-1.3781708,1.7156286,1.6964364,0.13347918,0.023077398,1.5390681,1.7165434,0.21202056,-0.7484142,0.30459819
226,-1.3246754,0.96181888,0.69370882,0.76812848,0.11144535,0.93528184,0.45733933,1.522389,-1.6585884,-0.27397636,1.2506082,-1.2109157,0.45250004,0.31188595,-1.3786777,-0.87550659,0.79140254,0.67666102,-1.210694,1.2888206,-1.0889839,-0.25526735,1.1098834,-0.85844032,0.45948881,-0.38547301
227,-0.21032627,-1.1559311,-1.6054326,-1.5220081,-1.3741995,-0.98594417,-0.38949587,-0.57523312,0.67884111,-0.96255349,0.60121665,-0.38981998,1.2213515,-1.2127485,1.1511962,-0.99715935,-0.027960561,0.6572053,-1.0706795,-1.2899957,-0.16551057,-1.338525,-0.55711704,-0.98720586,1.2993092,1.3580547
228,-1.2431311,0.48298687,0.94157063,1.6087492,0.43628253,1.3462837,-0.82358742,-0.9660405,1.0373872,-1.5064662,-0.33788231,0.37609115,-1.780744,-1.3142613,-0.71079022,0.95313861,-1.1298329,-0.92963476,-0.44111446,-0.76702654,0.34277084,0.88717702,-0.43412338,-0.93910617,-0.35413518,0.078864143
229,-0.42226762,0.59888159,0.28530162,0.16158853,0.24219535,0.25876949,-0.51686472,-0.15636021,-1.3952884,0.84149556,-0.42195062,-1.4724611,0.21713335,-1.288958,0.66552862,-0.62929704,-0.73728045,0.47547167,0.095897299,1.1487459,0.53794827,-1.1361644,-0.58403714,0.66366501,-1.3128713,-0.66040145
230,0.37894325,-1.3002278,-1.6818977,-1.1195194,1.2463333,-1.0513962,0.02825574,-0.072852845,-0.064143864,-0.83204726,-0.73018556,-1.2905933,-0.70074912,0.963718,1.8196755,-1.5481984,0.89627971,-1.4347623,-0.41379467,0.912176,0.23237073,-0.27062521,1.0578433,-0.95706792,1.2246721,-0.25393118
231,-1.8089166,0.48726636,1.3768101,-0.2243519,-0.7089433,-0.1527267,2.0480446,0.66557114,1.4537757,-0.4098946,1.1434109,0.3899662,0.38335488,-0.61192175,0.91603846,1.1217384,-0.12138343,1.737315,-0.85101549,-1.203431,-1.4412501,-1.6820968,-1.2574227,0.25704029,-0.7355339,1.1418959
232,0.58737692,-0.94302141,-0.6088811,0.56509099,0.75263358,-0.28423819,0.84109707,-0.48156049,1.032806,-0.58625689,1.657449,-0.091091592,1.4063126,1.1368823,0.63835801,-1.5167186,-0.25509683,-0.38016891,-1.2816846,0.77524522,-1.4097598,-1.6155572,-0.57128558,1.205922,-1.3435931,-0.58715771
233,0.58513651,-1.0148257,-1.5191906,-1.1680258,1.4534888,-0.98019184,-0.65992505,0.17788588,0.37242978,-1.3826432,-1.3257022,0.74014158,-0.88460325,0.96662951,-0.30487796,-0.23128136,0.84586613,-1.1778162,-1.3737953,-0.23586988,0.75715821,0.68366429,1.6339058,0.76763051,-1.4727632,0.77222836
234,0.76547537,0.35772944,-0.45778472,-0.10567976,-0.40793063,-0.31208881,0.52666167,-0.49233842,0.79095097,0.47261382,0.026998196,0.070953918,1.4186516,-1.2035111,-0.077777151,-1.4277177,-0.82405505,0.70725965,-0.20769697,1.6688199,-1.7040815,0.50338585,1.3909837,0.56284658,-0.38777208,-0.64153207
235,-0.079385399,-1.4805674,-1.5863964,-0.4439173,0.42981121,-0.38929522,-1.0562665,-1.4263712,1.4969508,-1.0115092,-0.2580889,-0.24514653,-0.64531243,-1.6663844,-1.0208663,0.56477867,-1.5158075,-1.2506152,1.6711633,1.1840063,0.67145176,1.6679525,1.4795488,1.2314801,1.4264263,-0.84884742
236,0.83122469,-0.65797906,-0.41379485,-0.91612331,-0.77711637,-0.50987625,-1.2401049,-1.1627162,-1.0754955,0.95168226,-1.458921,0.00013347175,-0.096772438,1.7842036,-0.91263024,0.92227324,-0.87646261,0.44280213,-0.25188124,-0.88150471,-1.5805929,-1.4346758,-1.2815087,-1.1589028,-1.212081,-0.54171872
237,-0.20159588,-0.084683033,0.48439363,-0.57152943,-0.53771477,-0.30565987,-1.1858514,-0.15307464,-1.2114462,1.6605023,-0.76276905,0.96753942,-0.43914517,-0.913535,1.7601781,-1.5634762,-0.84371994,1.3332603,0.11544399,-1.1376131,-0.88365956,-0.77409724,-0.75969351,-1.4508248,-0.48806608,-1.1275143
238,-0.69508791,1.4119515,1.3183513,-0.12503921,-1.0492302,0.050807579,-0.26396311,0.89238744,-1.1311617,1.1166646,-0.160317,-0.25738591,0.38347666,0.51811044,1.2360701,-1.6933248,0.17151682,0.44633843,-0.11008326,-0.60078375,0.12546899,0.67816559,-1.5831561,0.96268697,1.4325268,-1.369757
239,1.0130257,2.0107102,1.5800785,-0.013074946,-0.33594606,0.29805622,-0.82786748,-1.540504,-0.65463044,-0.50209208,1.0950052,1.5571243,1.1359328,-1.1173859,1.7447264,-1.1777725,-1.2280805,-0.50301028,-0.97113067,-0.98400857,0.53946147,-0.095705129,-0.93773503,-1.1897371,-0.93295751,1.5727503
240,0.47510444,-1.9430673,-1.4409646,-0.81116655,1.6660897,-0.86007333,-0.86902302,-0.69889488,-1.6816413,-1.1675149,-0.64629886,-1.2182014,0.72609397,-1.495609,1.2910499,-1.4179753,0.93254119,1.0397658,-1.5569555,0.016940347,0.79113143,0.50970445,1.0487424,-0.70884057,-0.86959739,-1.4049388
241,0.83647296,-0.76903676,0.2332985,-1.5716605,-1.5831455,-1.0323794,1.2006875,0.96568027,-0.64527603,-1.6610534,1.5466593,-0.57071706,0.86047557,0.91637229,-0.55441163,1.5084272,1.6852665,-0.21192221,-1.1322323,0.41214429,-0.3625695,-0.8553921,1.5929155,-0.40725448,0.93378261,0.4892499
242,0.25976541,-0.87296068,-1.0173953,-0.90666578,-0.016798461,-0.88985138,0.25260472,-0.63885851,1.5143555,-0.34989084,1.6669673,0.45284595,0.011448459,0.66649017,0.9402694,-0.7675166,-0.60948853,-0.53743855,-0.96654366,0.95689,0.49536007,0.24450541,-1.3436725,0.94101138,-1.0396891,0.83727564
243,-1.4975188,0.61550368,0.80119445,0.75399626,0.45912905,0.53153735,1.1259145,1.392591,-0.51640008,0.96931947,1.5682619,-1.594555,-0.40667257,0.56494249,1.7633777,0.8985791,0.10406042,0.3597298,-1.367029,1.1396545,-0.56009439,1.531238,-0.29438744,0.45858064,0.67405321,-0.17587358
244,1.8478758,1.2495486,1.7294845,2.3647589,1.2245285,2.3316168,0.41533888,0.02417,-0.61337676,0.20918972,0.65884159,1.3145653,1.5838261,1.4952886,-0.92111384,-1.2805855,-0.13824162,-0.071206146,-1.5950381,-1.4491301,0.66367769,-0.64656307,-1.6148615,-0.90355121,0.51790468,-0.81218442
245,1.582028,0.16354081,-0.63454194,0.091340277,0.99591221,0.23360793,-0.48182584,-1.0586211,1.3654974,-0.52187998,-1.5250474,-0.92017055,-0.68687211,0.0019806782,0.57680548,1.1822607,0.48216065,-1.3659528,1.4474944,-0.66631398,-0.2545442,1.5177471,0.024394712,1.2216257,-0.8738008,0.69256744
246,-1.9257876,0.66729844,1.0225091,0.80434496,-0.22691995,0.61754172,-0.18877661,-1.2445263,0.65584455,-1.1304828,-0.95694187,-0.68937473,-0.76042865,1.8300173,-0.019474248,0.093062692,0.27104331,0.32930756,-0.27976049,0.30230901,-1.7103052,-0.10929597,-0.24142273,1.0490619,-1.3887708,0.36021863
247,-0.40742599,-1.5619215,-1.5182463,-0.26573046,0.12030969,-0.39804933,-0.79944686,-0.22569753,-1.587649,0.14617555,-0.077541902,1.2887852,-0.73303416,0.53107407,1.3706346,1.1605852,1.0825867,0.081122372,-0.39836561,-0.79937481,1.089451,0.061785458,-1.4512966,0.13019891,0.2031655,-0.6932011
248,0.68613725,-0.51444423,-1.0685261,-0.73837531,-0.032067845,-0.69152162,0.24190928,0.56920101,-0.69551234,-1.18262,0.56344776,-0.60878813,-0.43164915,-0.053053296,-0.98687579,1.0748213,-0.50334475,-1.2683248,1.6455663,-0.28613287,0.16141294,0.54796509,0.089789519,0.87929486,-0.063605505,0.14953425
249,0.5892258,-1.1256685,-1.0642931,-0.91802568,0.52858828,-0.7633045,-0.84363167,-1.4456478,-1.4008365,-0.18579511,1.0896219,0.056965284,-0.3248999,1.3531676,-0.82474215,1.1241572,-0.83333044,-1.2973659,0.98978986,0.17612631,-0.12038616,1.2662456,0.81550403,1.205628,-1.6097297,1.8622833
